Country Name,Country Code,Series Name,Series Code,2012 [YR2012],2013 [YR2013],2014 [YR2014],2015 [YR2015],2016 [YR2016]
Afghanistan,AFG,"Population, total",SP.POP.TOTL,30696958,31731688,32758020,33736494,34656032
Afghanistan,AFG,GDP per capita (current US$),NY.GDP.PCAP.CD,669.009050888028,631.744970641527,612.069651391198,584.025902055779,561.778746269502
Afghanistan,AFG,Renewable electricity output (% of total electricity output),EG.ELC.RNEW.ZS,85.9099804305284,78.6364080993837,85.3235490326885,..,..
Albania,ALB,"Population, total",SP.POP.TOTL,2900401,2895092,2889104,2880703,2876101
Albania,ALB,GDP per capita (current US$),NY.GDP.PCAP.CD,4247.61430826246,4414.72313957332,4575.76378666221,3954.02278326009,4146.89625046198
Albania,ALB,Renewable electricity output (% of total electricity output),EG.ELC.RNEW.ZS,100,100,100,..,..
Algeria,DZA,"Population, total",SP.POP.TOTL,37565847,38338562,39113313,39871528,40606052
Algeria,DZA,GDP per capita (current US$),NY.GDP.PCAP.CD,5564.82565958068,5471.86676584854,5470.85100707097,4132.76029208861,3843.75232202304
Algeria,DZA,Renewable electricity output (% of total electricity output),EG.ELC.RNEW.ZS,1.08368033172465,0.55101018533979,0.395379969490365,..,..
American Samoa,ASM,"Population, total",SP.POP.TOTL,55230,55307,55437,55537,55599
American Samoa,ASM,GDP per capita (current US$),NY.GDP.PCAP.CD,11660.329531052,11553.6912144936,11508.5592654725,11541.8549795632,..
American Samoa,ASM,Renewable electricity output (% of total electricity output),EG.ELC.RNEW.ZS,0.70242656449553,0.703140481075933,0.700882474752302,..,..
Andorra,AND,"Population, total",SP.POP.TOTL,82431,80788,79223,78014,77281
Andorra,AND,GDP per capita (current US$),NY.GDP.PCAP.CD,38167.0957462493,40215.4353174077,..,..,..
Andorra,AND,Renewable electricity output (% of total electricity output),EG.ELC.RNEW.ZS,86.6894197952219,88.7532693984307,89.4321766561514,..,..
Angola,AGO,"Population, total",SP.POP.TOTL,25096150,25998340,26920466,27859305,28813463
Angola,AGO,GDP per capita (current US$),NY.GDP.PCAP.CD,4598.24998765441,4804.61688354724,4709.31202367384,3695.79374814656,3110.80818263013
Angola,AGO,Renewable electricity output (% of total electricity output),EG.ELC.RNEW.ZS,60.7994842037395,58.0209347614411,53.1751054852321,..,..
Antigua and Barbuda,ATG,"Population, total",SP.POP.TOTL,96777,97824,98875,99923,100963
Antigua and Barbuda,ATG,GDP per capita (current US$),NY.GDP.PCAP.CD,12565.4419725532,12224.8641551267,12888.2966708807,13566.9054060515,14353.3788138742
Antigua and Barbuda,ATG,Renewable electricity output (% of total electricity output),EG.ELC.RNEW.ZS,0,0,0,..,..
Arab World,ARB,"Population, total",SP.POP.TOTL,373306993,381702086,390043028,398304960,406452690
Arab World,ARB,GDP per capita (current US$),NY.GDP.PCAP.CD,7341.23989200003,7435.88912093028,7446.36966072444,6430.07195736751,6153.06954728785
Arab World,ARB,Renewable electricity output (% of total electricity output),EG.ELC.RNEW.ZS,3.59163850508694,3.72032235311628,3.36583671450004,..,..
Argentina,ARG,"Population, total",SP.POP.TOTL,42096739,42539925,42981515,43417765,43847430
Argentina,ARG,GDP per capita (current US$),NY.GDP.PCAP.CD,12969.7071238969,12976.6364245411,12245.2564487696,13467.1023570022,12449.2168521177
Argentina,ARG,Renewable electricity output (% of total electricity output),EG.ELC.RNEW.ZS,29.2611353196635,31.539616730497,31.5361744301288,..,..
Armenia,ARM,"Population, total",SP.POP.TOTL,2881922,2893509,2906220,2916950,2924816
Armenia,ARM,GDP per capita (current US$),NY.GDP.PCAP.CD,3684.80481032649,3843.5912130934,3994.71235479566,3609.65477582664,3606.15205715147
Armenia,ARM,Renewable electricity output (% of total electricity output),EG.ELC.RNEW.ZS,28.9447486311598,28.2360570687419,25.7548387096774,..,..
Aruba,ABW,"Population, total",SP.POP.TOTL,102577,103187,103795,104341,104822
Aruba,ABW,GDP per capita (current US$),NY.GDP.PCAP.CD,..,..,..,..,..
Aruba,ABW,Renewable electricity output (% of total electricity output),EG.ELC.RNEW.ZS,14.9152542372881,14.9121861868333,15.0992799476326,..,..
Australia,AUS,"Population, total",SP.POP.TOTL,22728254,23117353,23460694,23789338,24127159
Australia,AUS,GDP per capita (current US$),NY.GDP.PCAP.CD,67677.6347662796,67792.3038620501,62214.6091207999,56554.0387612447,49927.8195094751
Australia,AUS,Renewable electricity output (% of total electricity output),EG.ELC.RNEW.ZS,10.5926533603071,13.2641083883167,14.9067122095833,..,..
Austria,AUT,"Population, total",SP.POP.TOTL,8429991,8479375,8541575,8633169,8747358
Austria,AUT,GDP per capita (current US$),NY.GDP.PCAP.CD,48333.572726737,50504.7153221994,51322.6399728758,43665.0094707965,44176.5152160475
Austria,AUT,Renewable electricity output (% of total electricity output),EG.ELC.RNEW.ZS,74.5263801181503,78.0206153607688,81.1283383391509,..,..
Azerbaijan,AZE,"Population, total",SP.POP.TOTL,9295784,9416801,9535079,9649341,9762274
Azerbaijan,AZE,GDP per capita (current US$),NY.GDP.PCAP.CD,7496.33572799679,7875.75695254288,7891.29977558849,5500.31038244408,3876.9364326427
Azerbaijan,AZE,Renewable electricity output (% of total electricity output),EG.ELC.RNEW.ZS,7.92152427353402,6.67123404984157,5.62924619864122,..,..
"Bahamas, The",BHS,"Population, total",SP.POP.TOTL,372039,377240,382169,386838,391232
"Bahamas, The",BHS,GDP per capita (current US$),NY.GDP.PCAP.CD,22575.5901935012,22590.3933835224,22550.2330120967,22888.1340509464,23124.3865532472
"Bahamas, The",BHS,Renewable electricity output (% of total electricity output),EG.ELC.RNEW.ZS,0,0,0,..,..
Bahrain,BHR,"Population, total",SP.POP.TOTL,1300217,1315411,1336397,1371855,1425171
Bahrain,BHR,GDP per capita (current US$),NY.GDP.PCAP.CD,23649.3666139101,25010.1832908239,24983.3790153356,22688.8782442968,22354.1670706869
Bahrain,BHR,Renewable electricity output (% of total electricity output),EG.ELC.RNEW.ZS,0,0,0,..,..
Bangladesh,BGD,"Population, total",SP.POP.TOTL,155727053,157571292,159405279,161200886,162951560
Bangladesh,BGD,GDP per capita (current US$),NY.GDP.PCAP.CD,856.342857027401,951.889453456343,1084.56542980269,1210.15812046669,1358.7797522498
Bangladesh,BGD,Renewable electricity output (% of total electricity output),EG.ELC.RNEW.ZS,1.60001647378609,1.94653614457831,1.31972423672665,..,..
Barbados,BRB,"Population, total",SP.POP.TOTL,281585,282509,283385,284217,284996
Barbados,BRB,GDP per capita (current US$),NY.GDP.PCAP.CD,15384.8749045581,15472.7813981148,15359.6697072887,15557.8308123722,16096.8925879661
Barbados,BRB,Renewable electricity output (% of total electricity output),EG.ELC.RNEW.ZS,0,0,0,..,..
Belarus,BLR,"Population, total",SP.POP.TOTL,9464495,9465997,9474511,9489616,9507120
Belarus,BLR,GDP per capita (current US$),NY.GDP.PCAP.CD,6940.24391508304,7978.82544260088,8318.42929409316,5949.11067749823,4989.25461056406
Belarus,BLR,Renewable electricity output (% of total electricity output),EG.ELC.RNEW.ZS,0.555212831585441,0.844256831815152,0.722614078019289,..,..
Belgium,BEL,"Population, total",SP.POP.TOTL,11128246,11182817,11209057,11274196,11348159
Belgium,BEL,GDP per capita (current US$),NY.GDP.PCAP.CD,44740.5717021938,46510.3864701585,47439.3968354953,40356.875002697,41096.1573021536
Belgium,BEL,Renewable electricity output (% of total electricity output),EG.ELC.RNEW.ZS,12.8128790384827,14.1440443887422,17.0302987894479,..,..
Belize,BLZ,"Population, total",SP.POP.TOTL,336701,344181,351694,359288,366954
Belize,BLZ,GDP per capita (current US$),NY.GDP.PCAP.CD,4673.63848043219,4688.53844343529,4852.22366602785,4849.99749504576,4810.56590199317
Belize,BLZ,Renewable electricity output (% of total electricity output),EG.ELC.RNEW.ZS,49.1940058214813,55.8130131931025,50.7054753739704,..,..
Benin,BEN,"Population, total",SP.POP.TOTL,9729160,10004451,10286712,10575952,10872298
Benin,BEN,GDP per capita (current US$),NY.GDP.PCAP.CD,837.950500075362,915.267458596353,943.686575031401,783.947090952422,789.440410685648
Benin,BEN,Renewable electricity output (% of total electricity output),EG.ELC.RNEW.ZS,0.617283950617284,0.578034682080925,0.543478260869565,..,..
Bermuda,BMU,"Population, total",SP.POP.TOTL,64798,65001,65139,65235,65331
Bermuda,BMU,GDP per capita (current US$),NY.GDP.PCAP.CD,85458.455507886,85748.0654143782,..,..,..
Bermuda,BMU,Renewable electricity output (% of total electricity output),EG.ELC.RNEW.ZS,0,0,0,..,..
Bhutan,BTN,"Population, total",SP.POP.TOTL,752967,764961,776448,787386,797765
Bhutan,BTN,GDP per capita (current US$),NY.GDP.PCAP.CD,2422.00801577828,2350.88288924473,2522.79600817976,2613.64517681649,2804.00022298565
Bhutan,BTN,Renewable electricity output (% of total electricity output),EG.ELC.RNEW.ZS,99.997070326805,99.9934556173054,99.9928610794619,..,..
Bolivia,BOL,"Population, total",SP.POP.TOTL,10239004,10400264,10562159,10724705,10887882
Bolivia,BOL,GDP per capita (current US$),NY.GDP.PCAP.CD,2645.22775260146,2947.93852628051,3124.00030982516,3077.02619917158,3104.95608914095
Bolivia,BOL,Renewable electricity output (% of total electricity output),EG.ELC.RNEW.ZS,32.3064874037332,32.1760694358338,28.0068532267276,..,..
Bosnia and Herzegovina,BIH,"Population, total",SP.POP.TOTL,3648200,3604999,3566002,3535961,3516816
Bosnia and Herzegovina,BIH,GDP per capita (current US$),NY.GDP.PCAP.CD,4716.67332542206,5035.86555009171,5193.90493232347,4574.09078735133,4708.71826065622
Bosnia and Herzegovina,BIH,Renewable electricity output (% of total electricity output),EG.ELC.RNEW.ZS,29.93182786536,41.4646725116039,36.7264851485149,..,..
Botswana,BWA,"Population, total",SP.POP.TOTL,2089315,2128507,2168573,2209197,2250260
Botswana,BWA,GDP per capita (current US$),NY.GDP.PCAP.CD,7029.23145314082,7007.62578327722,7497.76237635063,6532.06050136763,6788.04274537565
Botswana,BWA,Renewable electricity output (% of total electricity output),EG.ELC.RNEW.ZS,0,0.0524383848977451,0.0423190859077444,..,..
Brazil,BRA,"Population, total",SP.POP.TOTL,200560983,202408632,204213133,205962108,207652865
Brazil,BRA,GDP per capita (current US$),NY.GDP.PCAP.CD,12291.4668523291,12216.9044643396,12026.6173095243,8757.20620228724,8649.94849175062
Brazil,BRA,Renewable electricity output (% of total electricity output),EG.ELC.RNEW.ZS,82.4482831002635,76.6888815734178,73.0812079264246,..,..
British Virgin Islands,VGB,"Population, total",SP.POP.TOTL,28509,29056,29588,30113,30661
British Virgin Islands,VGB,GDP per capita (current US$),NY.GDP.PCAP.CD,..,..,..,..,..
British Virgin Islands,VGB,Renewable electricity output (% of total electricity output),EG.ELC.RNEW.ZS,0,0,0,..,..
Brunei Darussalam,BRN,"Population, total",SP.POP.TOTL,399748,405716,411704,417542,423196
Brunei Darussalam,BRN,GDP per capita (current US$),NY.GDP.PCAP.CD,47651.2590896413,44597.279681535,41590.8650226649,30967.890506377,26938.5033823025
Brunei Darussalam,BRN,Renewable electricity output (% of total electricity output),EG.ELC.RNEW.ZS,0.0508905852417303,0.0454338936846888,0.0443852640923213,..,..
Bulgaria,BGR,"Population, total",SP.POP.TOTL,7305888,7265115,7223938,7177991,7127822
Bulgaria,BGR,GDP per capita (current US$),NY.GDP.PCAP.CD,7378.02553944156,7674.86055914027,7853.33519086217,6993.47735975728,7350.79580089813
Bulgaria,BGR,Renewable electricity output (% of total electricity output),EG.ELC.RNEW.ZS,11.4364842525602,16.0788502170935,15.7436017644426,..,..
Burkina Faso,BFA,"Population, total",SP.POP.TOTL,16571216,17072723,17585977,18110624,18646433
Burkina Faso,BFA,GDP per capita (current US$),NY.GDP.PCAP.CD,673.822700024092,699.045284668085,705.146411321909,615.592225011518,649.730483655835
Burkina Faso,BFA,Renewable electricity output (% of total electricity output),EG.ELC.RNEW.ZS,15.4411764705882,14.4382099356781,10.3995420537006,..,..
Burundi,BDI,"Population, total",SP.POP.TOTL,9319710,9600186,9891790,10199270,10524117
Burundi,BDI,GDP per capita (current US$),NY.GDP.PCAP.CD,265.285605131269,282.755525208188,312.748979387017,303.681022254465,285.727442064713
Burundi,BDI,Renewable electricity output (% of total electricity output),EG.ELC.RNEW.ZS,97.9618194008257,87.02056925233,80.7187888270213,..,..
Cabo Verde,CPV,"Population, total",SP.POP.TOTL,513979,520106,526437,532913,539560
Cabo Verde,CPV,GDP per capita (current US$),NY.GDP.PCAP.CD,3408.48276238421,3558.79631355078,3529.61840305663,2954.11946734235,2997.75267953531
Cabo Verde,CPV,Renewable electricity output (% of total electricity output),EG.ELC.RNEW.ZS,18.3667484270022,20.5576033446305,17.2916513783909,..,..
Cambodia,KHM,"Population, total",SP.POP.TOTL,14776866,15022692,15270790,15517635,15762370
Cambodia,KHM,GDP per capita (current US$),NY.GDP.PCAP.CD,950.024413173571,1028.41956811376,1098.68712310857,1163.18977018277,1269.90723818913
Cambodia,KHM,Renewable electricity output (% of total electricity output),EG.ELC.RNEW.ZS,37.6569037656904,57.9302587176603,61.0983981693364,..,..
Cameroon,CMR,"Population, total",SP.POP.TOTL,21082383,21655715,22239904,22834522,23439189
Cameroon,CMR,GDP per capita (current US$),NY.GDP.PCAP.CD,1255.64818919045,1365.34418999758,1441.14010712277,1244.42942056964,1032.64872204454
Cameroon,CMR,Renewable electricity output (% of total electricity output),EG.ELC.RNEW.ZS,72.8583545377439,69.6194331983806,74.2559953770587,..,..
Canada,CAN,"Population, total",SP.POP.TOTL,34750545,35155451,35544564,35848610,36286425
Canada,CAN,GDP per capita (current US$),NY.GDP.PCAP.CD,52496.6948704709,52413.7211560786,50440.4337553383,43315.7004418128,42157.9279910146
Canada,CAN,Renewable electricity output (% of total electricity output),EG.ELC.RNEW.ZS,62.7257786697429,63.0178723867991,62.7993001216252,..,..
Caribbean small states,CSS,"Population, total",SP.POP.TOTL,7074129,7118888,7162679,7204948,7245472
Caribbean small states,CSS,GDP per capita (current US$),NY.GDP.PCAP.CD,9592.77994804216,9654.56647040638,9597.55808429385,9271.36477068713,8769.64164930723
Caribbean small states,CSS,Renewable electricity output (% of total electricity output),EG.ELC.RNEW.ZS,9.44761728765285,9.32733118118558,9.35474648041204,..,..
Cayman Islands,CYM,"Population, total",SP.POP.TOTL,57523,58371,59172,59963,60765
Cayman Islands,CYM,GDP per capita (current US$),NY.GDP.PCAP.CD,..,..,..,..,..
Cayman Islands,CYM,Renewable electricity output (% of total electricity output),EG.ELC.RNEW.ZS,0,0,0,..,..
Central African Republic,CAF,"Population, total",SP.POP.TOTL,4490416,4499653,4515392,4546100,4594621
Central African Republic,CAF,GDP per capita (current US$),NY.GDP.PCAP.CD,486.410113966205,337.484961398269,377.13202741973,348.381417033715,382.213174317687
Central African Republic,CAF,Renewable electricity output (% of total electricity output),EG.ELC.RNEW.ZS,84.7457627118644,85.6353591160221,85.792349726776,..,..
Central Europe and the Baltics,CEB,"Population, total",SP.POP.TOTL,103935318,103713726,103496179,103257751,102974082
Central Europe and the Baltics,CEB,GDP per capita (current US$),NY.GDP.PCAP.CD,12996.3408033274,13704.5666523128,14125.8618518034,12411.0716190666,12657.3868037068
Central Europe and the Baltics,CEB,Renewable electricity output (% of total electricity output),EG.ELC.RNEW.ZS,14.9626454615149,17.9413247824569,20.5052777670024,..,..
Chad,TCD,"Population, total",SP.POP.TOTL,12705135,13133589,13569438,14009413,14452543
Chad,TCD,GDP per capita (current US$),NY.GDP.PCAP.CD,973.470257398779,986.010317729048,1025.99851471508,777.24870512323,664.29565189928
Chad,TCD,Renewable electricity output (% of total electricity output),EG.ELC.RNEW.ZS,0,0,0,..,..
Channel Islands,CHI,"Population, total",SP.POP.TOTL,161358,162180,162969,163758,164541
Channel Islands,CHI,GDP per capita (current US$),NY.GDP.PCAP.CD,..,..,..,..,..
Channel Islands,CHI,Renewable electricity output (% of total electricity output),EG.ELC.RNEW.ZS,..,..,..,..,..
Chile,CHL,"Population, total",SP.POP.TOTL,17309746,17462982,17613798,17762681,17909754
Chile,CHL,GDP per capita (current US$),NY.GDP.PCAP.CD,15431.9029324117,15941.3972192355,14817.3777768529,13653.2263998732,13792.9260543892
Chile,CHL,Renewable electricity output (% of total electricity output),EG.ELC.RNEW.ZS,36.4453556221416,35.6668719633203,41.1806996839349,..,..
China,CHN,"Population, total",SP.POP.TOTL,1350695000,1357380000,1364270000,1371220000,1378665000
China,CHN,GDP per capita (current US$),NY.GDP.PCAP.CD,6337.8829926902,7077.7705938533,7683.50203795784,8069.21193773116,8123.1808725464
China,CHN,Renewable electricity output (% of total electricity output),EG.ELC.RNEW.ZS,19.966232881975,20.2962273802567,22.6098068303462,..,..
Colombia,COL,"Population, total",SP.POP.TOTL,46881475,47342981,47791911,48228697,48653419
Colombia,COL,GDP per capita (current US$),NY.GDP.PCAP.CD,7884.98442882865,8030.58603049039,7913.38343248643,6044.52555566556,5805.60533452459
Colombia,COL,Renewable electricity output (% of total electricity output),EG.ELC.RNEW.ZS,79.5501941031153,73.9990497991621,74.2477116704806,..,..
Comoros,COM,"Population, total",SP.POP.TOTL,723868,741500,759385,777424,795601
Comoros,COM,GDP per capita (current US$),NY.GDP.PCAP.CD,788.632652955229,834.341094890303,852.954307862846,727.646386827046,775.080084704756
Comoros,COM,Renewable electricity output (% of total electricity output),EG.ELC.RNEW.ZS,0,0,0,..,..
"Congo, Dem. Rep.",COD,"Population, total",SP.POP.TOTL,68978682,71316033,73722860,76196619,78736153
"Congo, Dem. Rep.",COD,GDP per capita (current US$),NY.GDP.PCAP.CD,398.140694830982,420.87049003093,461.56808529415,474.936048106404,444.505316815516
"Congo, Dem. Rep.",COD,Renewable electricity output (% of total electricity output),EG.ELC.RNEW.ZS,99.8815009874918,99.8907766990291,99.8754387951534,..,..
"Congo, Rep.",COG,"Population, total",SP.POP.TOTL,4633363,4751393,4871101,4995648,5125821
"Congo, Rep.",COG,GDP per capita (current US$),NY.GDP.PCAP.CD,2952.05234806594,2964.57315159493,2910.52015289704,1712.12113140016,1528.24483012457
"Congo, Rep.",COG,Renewable electricity output (% of total electricity output),EG.ELC.RNEW.ZS,58.0588235294118,56.8168519602106,54.7126436781609,..,..
Costa Rica,CRI,"Population, total",SP.POP.TOTL,4654122,4706401,4757575,4807852,4857274
Costa Rica,CRI,GDP per capita (current US$),NY.GDP.PCAP.CD,9985.36958970111,10569.6663143866,10647.4417945857,11406.3627271108,11824.6381020004
Costa Rica,CRI,Renewable electricity output (% of total electricity output),EG.ELC.RNEW.ZS,91.8419500688028,88.314606741573,89.7915239307037,..,..
Cote d'Ivoire,CIV,"Population, total",SP.POP.TOTL,21418603,21966312,22531350,23108472,23695919
Cote d'Ivoire,CIV,GDP per capita (current US$),NY.GDP.PCAP.CD,1262.48021811586,1423.68228222575,1569.92827532574,1420.62688438877,1526.19717484252
Cote d'Ivoire,CIV,Renewable electricity output (% of total electricity output),EG.ELC.RNEW.ZS,26.439566704675,21.8823529411765,23.9319333816075,..,..
Croatia,HRV,"Population, total",SP.POP.TOTL,4267558,4255689,4238389,4203604,4170600
Croatia,HRV,GDP per capita (current US$),NY.GDP.PCAP.CD,13235.9775701749,13574.7400890627,13467.4682686752,11579.6670403193,12090.6665635703
Croatia,HRV,Renewable electricity output (% of total electricity output),EG.ELC.RNEW.ZS,49.6743132257151,66.5017566501757,73.9580232211968,..,..
Cuba,CUB,"Population, total",SP.POP.TOTL,11382146,11412167,11439767,11461432,11475982
Cuba,CUB,GDP per capita (current US$),NY.GDP.PCAP.CD,6425.94111866075,6760.15343974549,7050.5019901192,7602.26121831897,..
Cuba,CUB,Renewable electricity output (% of total electricity output),EG.ELC.RNEW.ZS,3.71174299978294,4.3521421107628,4.01734999483631,..,..
Curacao,CUW,"Population, total",SP.POP.TOTL,152088,153822,155909,157979,159999
Curacao,CUW,GDP per capita (current US$),NY.GDP.PCAP.CD,..,..,..,..,..
Curacao,CUW,Renewable electricity output (% of total electricity output),EG.ELC.RNEW.ZS,3.48964013086151,3.53982300884956,3.59147025813693,..,..
Cyprus,CYP,"Population, total",SP.POP.TOTL,1135062,1143896,1152309,1160985,1170125
Cyprus,CYP,GDP per capita (current US$),NY.GDP.PCAP.CD,28951.1555598986,27907.9673626742,27340.8838161118,23075.1126993152,23324.2017353618
Cyprus,CYP,Renewable electricity output (% of total electricity output),EG.ELC.RNEW.ZS,5.44837820648717,7.62237762237762,7.28735632183908,..,..
Czech Republic,CZE,"Population, total",SP.POP.TOTL,10510785,10514272,10525347,10546059,10561633
Czech Republic,CZE,GDP per capita (current US$),NY.GDP.PCAP.CD,19729.8705111763,19916.0193873722,19744.5586092159,17556.9243042464,18266.5496886036
Czech Republic,CZE,Renewable electricity output (% of total electricity output),EG.ELC.RNEW.ZS,9.28698095391631,10.8043175487465,10.7941439533023,..,..
Denmark,DNK,"Population, total",SP.POP.TOTL,5591572,5614932,5643475,5683483,5731118
Denmark,DNK,GDP per capita (current US$),NY.GDP.PCAP.CD,58507.5002096272,61191.1926260428,62425.5392007494,53014.6441616194,53417.6642756422
Denmark,DNK,Renewable electricity output (% of total electricity output),EG.ELC.RNEW.ZS,48.32741604508,45.9838895281933,55.8742193083305,..,..
Djibouti,DJI,"Population, total",SP.POP.TOTL,881185,896688,912164,927414,942333
Djibouti,DJI,GDP per capita (current US$),NY.GDP.PCAP.CD,1536.15068518041,1622.6379744125,1740.91501089716,1862.16727373104,..
Djibouti,DJI,Renewable electricity output (% of total electricity output),EG.ELC.RNEW.ZS,0,0,0,..,..
Dominica,DMA,"Population, total",SP.POP.TOTL,72044,72400,72778,73162,73543
Dominica,DMA,GDP per capita (current US$),NY.GDP.PCAP.CD,6744.56710611005,7022.75066502967,7257.39514281381,7069.50278782651,7144.45467277647
Dominica,DMA,Renewable electricity output (% of total electricity output),EG.ELC.RNEW.ZS,26.3417035942885,36.454816285998,29.9131113931465,..,..
Dominican Republic,DOM,"Population, total",SP.POP.TOTL,10154950,10281296,10405844,10528394,10648791
Dominican Republic,DOM,GDP per capita (current US$),NY.GDP.PCAP.CD,5968.87676663626,6027.05554403674,6268.69212177713,6468.47164839225,6722.22353580612
Dominican Republic,DOM,Renewable electricity output (% of total electricity output),EG.ELC.RNEW.ZS,14.2764131399822,14.2760180995475,13.2558014321865,..,..
Early-demographic dividend,EAR,"Population, total",SP.POP.TOTL,2996573424.07723,3040240927.61008,3083836359.73916,3127290268.68203,3170542188
Early-demographic dividend,EAR,GDP per capita (current US$),NY.GDP.PCAP.CD,3322.53410685817,3354.88826769975,3375.65874796941,3237.12848413556,3240.72451541109
Early-demographic dividend,EAR,Renewable electricity output (% of total electricity output),EG.ELC.RNEW.ZS,18.4442532955228,18.9047768403105,17.9936625586822,..,..
East Asia & Pacific,EAS,"Population, total",SP.POP.TOTL,2235430359,2250552199,2265898057,2281203360,2296786207
East Asia & Pacific,EAS,GDP per capita (current US$),NY.GDP.PCAP.CD,9400.02986756281,9445.00189474107,9662.43203728337,9541.14465879156,9786.46814302823
East Asia & Pacific,EAS,Renewable electricity output (% of total electricity output),EG.ELC.RNEW.ZS,16.8282468170079,17.4370571961613,19.2909645015784,..,..
East Asia & Pacific (excluding high income),EAP,"Population, total",SP.POP.TOTL,1993008684,2007434775,2022021082,2036552598,2051431154
East Asia & Pacific (excluding high income),EAP,GDP per capita (current US$),NY.GDP.PCAP.CD,5387.90897511788,5905.38986554035,6304.61097400905,6514.6162045128,6586.07774416242
East Asia & Pacific (excluding high income),EAP,Renewable electricity output (% of total electricity output),EG.ELC.RNEW.ZS,19.9770597966898,20.2668925637222,22.2984126265053,..,..
East Asia & Pacific (IDA & IBRD countries),TEA,"Population, total",SP.POP.TOTL,1968120178,1982414412,1996870376,2011274432,2026028438
East Asia & Pacific (IDA & IBRD countries),TEA,GDP per capita (current US$),NY.GDP.PCAP.CD,5445.49024218195,5968.38849431734,6371.73139096388,6583.82247439782,6655.8457966614
East Asia & Pacific (IDA & IBRD countries),TEA,Renewable electricity output (% of total electricity output),EG.ELC.RNEW.ZS,19.8079700208693,20.1026174212382,22.1593848280222,..,..
Ecuador,ECU,"Population, total",SP.POP.TOTL,15419666,15661547,15903112,16144368,16385068
Ecuador,ECU,GDP per capita (current US$),NY.GDP.PCAP.CD,5702.10431276527,6074.09082895834,6432.21653724126,6205.06222355685,5968.98413848511
Ecuador,ECU,Renewable electricity output (% of total electricity output),EG.ELC.RNEW.ZS,54.8693482732963,48.9918748119169,49.17513473485,..,..
"Egypt, Arab Rep.",EGY,"Population, total",SP.POP.TOTL,87813257,89807433,91812566,93778172,95688681
"Egypt, Arab Rep.",EGY,GDP per capita (current US$),NY.GDP.PCAP.CD,3181.44170830415,3213.38915790942,3327.75424726108,3547.71301183827,3514.49009688808
"Egypt, Arab Rep.",EGY,Renewable electricity output (% of total electricity output),EG.ELC.RNEW.ZS,9.47956973546519,8.60993751859566,9.04877523333741,..,..
El Salvador,SLV,"Population, total",SP.POP.TOTL,6221246,6250777,6281189,6312478,6344722
El Salvador,SLV,GDP per capita (current US$),NY.GDP.PCAP.CD,3827.78626660961,3895.66449099048,3988.77187105817,4127.11774995493,4223.58457943469
El Salvador,SLV,Renewable electricity output (% of total electricity output),EG.ELC.RNEW.ZS,60.2372935706269,60.4432397959184,59.6978949059939,..,..
Equatorial Guinea,GNQ,"Population, total",SP.POP.TOTL,1038593,1083746,1129424,1175389,1221490
Equatorial Guinea,GNQ,GDP per capita (current US$),NY.GDP.PCAP.CD,21557.6527999109,20246.9930826625,19002.5973267139,10347.3125725971,8333.23826311996
Equatorial Guinea,GNQ,Renewable electricity output (% of total electricity output),EG.ELC.RNEW.ZS,44.874715261959,44.874715261959,44.874715261959,..,..
Eritrea,ERI,"Population, total",SP.POP.TOTL,..,..,..,..,..
Eritrea,ERI,GDP per capita (current US$),NY.GDP.PCAP.CD,..,..,..,..,..
Eritrea,ERI,Renewable electricity output (% of total electricity output),EG.ELC.RNEW.ZS,0.557103064066852,0.550964187327824,0.540540540540541,..,..
Estonia,EST,"Population, total",SP.POP.TOTL,1322696,1317997,1314545,1315407,1316481
Estonia,EST,GDP per capita (current US$),NY.GDP.PCAP.CD,17421.8902227378,19029.7745978842,19941.455322403,17074.9209104204,17574.6873552714
Estonia,EST,Renewable electricity output (% of total electricity output),EG.ELC.RNEW.ZS,12.3422745884516,9.19020715630885,11.1602121163426,..,..
Ethiopia,ETH,"Population, total",SP.POP.TOTL,92444183,94887724,97366774,99873033,102403196
Ethiopia,ETH,GDP per capita (current US$),NY.GDP.PCAP.CD,468.506724907536,502.153588732071,571.162275886001,645.463762722184,706.757754078087
Ethiopia,ETH,Renewable electricity output (% of total electricity output),EG.ELC.RNEW.ZS,99.8422712933754,99.9082463585274,99.9063962558502,..,..
Euro area,EMU,"Population, total",SP.POP.TOTL,336167296,337296873,338429646,339519210,340894606
Euro area,EMU,GDP per capita (current US$),NY.GDP.PCAP.CD,37593.1541638703,39097.5906390354,39765.193746967,34213.5121378444,34866.0960709045
Euro area,EMU,Renewable electricity output (% of total electricity output),EG.ELC.RNEW.ZS,24.2595076285282,27.8444612729953,29.2294238421215,..,..
Europe & Central Asia,ECS,"Population, total",SP.POP.TOTL,894666669,898855113,903094668,907424836,911995305
Europe & Central Asia,ECS,GDP per capita (current US$),NY.GDP.PCAP.CD,24901.2389140052,25870.413544478,26135.2771030874,22347.2040166908,22108.5112817638
Europe & Central Asia,ECS,Renewable electricity output (% of total electricity output),EG.ELC.RNEW.ZS,24.2357978913006,26.4294420272449,27.1197588499724,..,..
Europe & Central Asia (excluding high income),ECA,"Population, total",SP.POP.TOTL,407706585,410126644,412510951,414975737,417424643
Europe & Central Asia (excluding high income),ECA,GDP per capita (current US$),NY.GDP.PCAP.CD,9984.82578730943,10491.1997802178,9887.73541298721,7518.75963846315,7136.90129771336
Europe & Central Asia (excluding high income),ECA,Renewable electricity output (% of total electricity output),EG.ELC.RNEW.ZS,17.8553513960097,19.9343174723131,18.6323988888632,..,..
Europe & Central Asia (IDA & IBRD countries),TEC,"Population, total",SP.POP.TOTL,445769749,448166840,450522686,452962149,455372659
Europe & Central Asia (IDA & IBRD countries),TEC,GDP per capita (current US$),NY.GDP.PCAP.CD,10254.6741119174,10770.3982443285,10263.5251468072,7942.03138674108,7573.19766257718
Europe & Central Asia (IDA & IBRD countries),TEC,Renewable electricity output (% of total electricity output),EG.ELC.RNEW.ZS,17.2915104694261,19.2024637261095,18.1802956097079,..,..
European Union,EUU,"Population, total",SP.POP.TOTL,505104334,506592457,508157247,509703315,511497415
European Union,EUU,GDP per capita (current US$),NY.GDP.PCAP.CD,34194.3531562116,35536.8620805648,36579.6991817004,32047.7492417093,32058.7735845667
European Union,EUU,Renewable electricity output (% of total electricity output),EG.ELC.RNEW.ZS,23.5207937873783,26.4958014351593,28.491394291307,..,..
Faroe Islands,FRO,"Population, total",SP.POP.TOTL,48666,48747,48842,48965,49117
Faroe Islands,FRO,GDP per capita (current US$),NY.GDP.PCAP.CD,48422.0075432037,53612.7134486511,..,..,..
Faroe Islands,FRO,Renewable electricity output (% of total electricity output),EG.ELC.RNEW.ZS,37.9151861048992,38.4362159612216,50.8075843846282,..,..
Fiji,FJI,"Population, total",SP.POP.TOTL,873596,879715,885806,892149,898760
Fiji,FJI,GDP per capita (current US$),NY.GDP.PCAP.CD,4546.73850445133,4763.06895557778,5046.03728026605,4921.8962087863,5153.35154431659
Fiji,FJI,Renewable electricity output (% of total electricity output),EG.ELC.RNEW.ZS,66.2311586562818,62.1276967930029,47.1662981496567,..,..
Finland,FIN,"Population, total",SP.POP.TOTL,5413971,5438972,5461512,5479531,5495096
Finland,FIN,GDP per capita (current US$),NY.GDP.PCAP.CD,47415.5598711351,49638.0771298139,49914.6186421589,42405.3974427998,43090.2475062997
Finland,FIN,Renewable electricity output (% of total electricity output),EG.ELC.RNEW.ZS,40.5618440300521,35.966992716505,38.5810582585582,..,..
Fragile and conflict affected situations,FCS,"Population, total",SP.POP.TOTL,460228236,471253115,482474449,493919601,505635987
Fragile and conflict affected situations,FCS,GDP per capita (current US$),NY.GDP.PCAP.CD,1627.91388771106,1699.63737851446,1746.52115028307,1546.67404187634,1471.0146505076
Fragile and conflict affected situations,FCS,Renewable electricity output (% of total electricity output),EG.ELC.RNEW.ZS,27.4250900314275,26.579270285022,25.4459639088856,..,..
France,FRA,"Population, total",SP.POP.TOTL,65659790,65998570,66331957,66624068,66896109
France,FRA,GDP per capita (current US$),NY.GDP.PCAP.CD,40838.024436834,42554.1220542413,42955.2428655883,36526.7701083069,36854.9682804756
France,FRA,Renewable electricity output (% of total electricity output),EG.ELC.RNEW.ZS,14.8061965743386,17.0451920720365,16.4110316546943,..,..
French Polynesia,PYF,"Population, total",SP.POP.TOTL,271703,273528,275484,277690,280208
French Polynesia,PYF,GDP per capita (current US$),NY.GDP.PCAP.CD,..,..,..,..,..
French Polynesia,PYF,Renewable electricity output (% of total electricity output),EG.ELC.RNEW.ZS,28.0248994435529,27.1611906201707,31.7171268879242,..,..
Gabon,GAB,"Population, total",SP.POP.TOTL,1756817,1817271,1875713,1930175,1979786
Gabon,GAB,GDP per capita (current US$),NY.GDP.PCAP.CD,9774.18101733614,9679.74299512362,9692.16387376944,7388.98414439318,7179.34066115314
Gabon,GAB,Renewable electricity output (% of total electricity output),EG.ELC.RNEW.ZS,42.7708042770804,41.696113074205,34.0937896070976,..,..
"Gambia, The",GMB,"Population, total",SP.POP.TOTL,1802125,1859324,1917852,1977590,2038501
"Gambia, The",GMB,GDP per capita (current US$),NY.GDP.PCAP.CD,506.385343295221,486.079524712434,442.746689932981,474.716558719749,473.19043627424
"Gambia, The",GMB,Renewable electricity output (% of total electricity output),EG.ELC.RNEW.ZS,0,0,0,..,..
Georgia,GEO,"Population, total",SP.POP.TOTL,3825000,3776000,3727000,3717100,3719300
Georgia,GEO,GDP per capita (current US$),NY.GDP.PCAP.CD,4142.8691753655,4274.37685702961,4429.65007451491,3764.64091159037,3853.64990352915
Georgia,GEO,Renewable electricity output (% of total electricity output),EG.ELC.RNEW.ZS,74.5023207839092,82.2248732478378,80.3683347796741,..,..
Germany,DEU,"Population, total",SP.POP.TOTL,80425823,80645605,80982500,81686611,82667685
Germany,DEU,GDP per capita (current US$),NY.GDP.PCAP.CD,44065.2489082767,46530.9114275776,47902.6528842516,41176.8815764652,41936.0585754956
Germany,DEU,Renewable electricity output (% of total electricity output),EG.ELC.RNEW.ZS,23.0004585405584,24.0725497476084,26.1300965691114,..,..
Ghana,GHA,"Population, total",SP.POP.TOTL,25733049,26346251,26962563,27582821,28206728
Ghana,GHA,GDP per capita (current US$),NY.GDP.PCAP.CD,1629.80022222505,1814.492297022,1432.2279425605,1361.1139050484,1513.46103432745
Ghana,GHA,Renewable electricity output (% of total electricity output),EG.ELC.RNEW.ZS,67.1240851630073,63.9888120581151,64.7303864846101,..,..
Gibraltar,GIB,"Population, total",SP.POP.TOTL,33623,33831,34038,34228,34408
Gibraltar,GIB,GDP per capita (current US$),NY.GDP.PCAP.CD,..,..,..,..,..
Gibraltar,GIB,Renewable electricity output (% of total electricity output),EG.ELC.RNEW.ZS,0,0,0,..,..
Greece,GRC,"Population, total",SP.POP.TOTL,11045011,10965211,10892413,10820883,10746740
Greece,GRC,GDP per capita (current US$),NY.GDP.PCAP.CD,22242.681934771,21874.8195041667,21673.7810702225,18007.7899088689,18103.9693224025
Greece,GRC,Renewable electricity output (% of total electricity output),EG.ELC.RNEW.ZS,16.7036909052015,25.1234373358546,24.1880698408915,..,..
Greenland,GRL,"Population, total",SP.POP.TOTL,56810,56483,56295,56114,56186
Greenland,GRL,GDP per capita (current US$),NY.GDP.PCAP.CD,42398.6336725626,43967.1501550467,45317.1142867938,39569.1057905441,..
Greenland,GRL,Renewable electricity output (% of total electricity output),EG.ELC.RNEW.ZS,60.035697689634,66.4491894551276,68.3475376501765,..,..
Grenada,GRD,"Population, total",SP.POP.TOTL,105481,105909,106360,106823,107317
Grenada,GRD,GDP per capita (current US$),NY.GDP.PCAP.CD,7583.18700190696,7955.61598479197,8569.77699775744,9212.19282433628,9469.21918069658
Grenada,GRD,Renewable electricity output (% of total electricity output),EG.ELC.RNEW.ZS,0,0,0,..,..
Guam,GUM,"Population, total",SP.POP.TOTL,159973,160375,160967,161797,162896
Guam,GUM,GDP per capita (current US$),NY.GDP.PCAP.CD,32499.234245779,33446.6095089634,34578.5160933607,35439.4704475361,..
Guam,GUM,Renewable electricity output (% of total electricity output),EG.ELC.RNEW.ZS,0,0,0,..,..
Guatemala,GTM,"Population, total",SP.POP.TOTL,15271056,15596214,15923559,16252429,16582469
Guatemala,GTM,GDP per capita (current US$),NY.GDP.PCAP.CD,3299.60513936372,3452.82893369505,3687.76376676599,3923.57334364713,4146.7441286273
Guatemala,GTM,Renewable electricity output (% of total electricity output),EG.ELC.RNEW.ZS,66.8827029324267,67.1673387096774,68.6060606060606,..,..
Guinea,GIN,"Population, total",SP.POP.TOTL,11281469,11536615,11805509,12091533,12395924
Guinea,GIN,GDP per capita (current US$),NY.GDP.PCAP.CD,502.348564622905,540.169320425396,561.099738732179,554.040876644051,508.145078427288
Guinea,GIN,Renewable electricity output (% of total electricity output),EG.ELC.RNEW.ZS,45.8364451082898,48.4324758842444,48.2758620689655,..,..
Guinea-Bissau,GNB,"Population, total",SP.POP.TOTL,1638139,1681495,1725744,1770526,1815698
Guinea-Bissau,GNB,GDP per capita (current US$),NY.GDP.PCAP.CD,607.751883291355,610.566304703401,642.625615352181,596.87171887261,620.214764743552
Guinea-Bissau,GNB,Renewable electricity output (% of total electricity output),EG.ELC.RNEW.ZS,0,0,0,..,..
Guyana,GUY,"Population, total",SP.POP.TOTL,753091,758081,763393,768514,773303
Guyana,GUY,GDP per capita (current US$),NY.GDP.PCAP.CD,3785.9356650841,3944.17817327896,4030.80232062103,4136.68991875588,4456.55369735494
Guyana,GUY,Renewable electricity output (% of total electricity output),EG.ELC.RNEW.ZS,0,0,0,..,..
Haiti,HTI,"Population, total",SP.POP.TOTL,10289210,10431776,10572466,10711061,10847334
Haiti,HTI,GDP per capita (current US$),NY.GDP.PCAP.CD,766.843762318888,810.265607301884,830.114811747702,814.546395216916,739.595436253749
Haiti,HTI,Renewable electricity output (% of total electricity output),EG.ELC.RNEW.ZS,20.0909090909091,13.3649289099526,8.71248789932236,..,..
Heavily indebted poor countries (HIPC),HPC,"Population, total",SP.POP.TOTL,666488623,685401960,704745420,724482652,744602976
Heavily indebted poor countries (HIPC),HPC,GDP per capita (current US$),NY.GDP.PCAP.CD,837.866990492555,882.529129444467,912.507735474082,877.10276268755,861.510155524695
Heavily indebted poor countries (HIPC),HPC,Renewable electricity output (% of total electricity output),EG.ELC.RNEW.ZS,66.3226287068307,66.3350256567481,66.3555859226724,..,..
High income,HIC,"Population, total",SP.POP.TOTL,1161900127,1168843771,1175966521,1182929820,1190029421
High income,HIC,GDP per capita (current US$),NY.GDP.PCAP.CD,41991.6272464838,42192.35097398,42780.3424671173,40078.0541373014,40677.6835231725
High income,HIC,Renewable electricity output (% of total electricity output),EG.ELC.RNEW.ZS,18.558304553362,19.7332840749754,20.4996960019613,..,..
Honduras,HND,"Population, total",SP.POP.TOTL,8505646,8657785,8809216,8960829,9112867
Honduras,HND,GDP per capita (current US$),NY.GDP.PCAP.CD,2178.38302475967,2136.77390503332,2242.71191194694,2326.15850619017,2361.15761950895
Honduras,HND,Renewable electricity output (% of total electricity output),EG.ELC.RNEW.ZS,49.3023255813954,46.7550161010652,43.8293107738243,..,..
"Hong Kong SAR, China",HKG,"Population, total",SP.POP.TOTL,7154600,7187500,7241700,7305700,7346700
"Hong Kong SAR, China",HKG,GDP per capita (current US$),NY.GDP.PCAP.CD,36707.7742282554,38357.8267596475,40247.3669145832,42351.0245957363,43681.1405799513
"Hong Kong SAR, China",HKG,Renewable electricity output (% of total electricity output),EG.ELC.RNEW.ZS,0.234270414993307,0.242606874712702,0.248107864267455,..,..
Hungary,HUN,"Population, total",SP.POP.TOTL,9920362,9893082,9866468,9843028,9817958
Hungary,HUN,GDP per capita (current US$),NY.GDP.PCAP.CD,12834.3234884048,13613.6014689502,14117.9766762093,12365.6260256139,12664.8474351203
Hungary,HUN,Renewable electricity output (% of total electricity output),EG.ELC.RNEW.ZS,7.6396708531832,9.20405400944175,10.6806033161962,..,..
IBRD only,IBD,"Population, total",SP.POP.TOTL,4517416870.07723,4562691124.61008,4607807730.73916,4652578286.68203,4697247117
IBRD only,IBD,GDP per capita (current US$),NY.GDP.PCAP.CD,5534.60798226618,5804.92109573438,5921.51824211758,5541.77512188984,5498.82467442429
IBRD only,IBD,Renewable electricity output (% of total electricity output),EG.ELC.RNEW.ZS,22.2669929005667,22.5892275211455,23.2235103711304,..,..
Iceland,ISL,"Population, total",SP.POP.TOTL,320716,323764,327386,330815,334252
Iceland,ISL,GDP per capita (current US$),NY.GDP.PCAP.CD,44333.8501759313,47810.3088819968,52473.1135645153,50734.4435967226,59976.9425653312
Iceland,ISL,Renewable electricity output (% of total electricity output),EG.ELC.RNEW.ZS,99.9829050088324,99.9724000883197,99.9834455358128,..,..
IDA & IBRD total,IBT,"Population, total",SP.POP.TOTL,5955531931.07723,6033914680.61008,6112778044.73916,6191917217.68203,6271593092
IDA & IBRD total,IBT,GDP per capita (current US$),NY.GDP.PCAP.CD,4494.66547026602,4707.45446427967,4803.12494484162,4489.78368215704,4435.50834426975
IDA & IBRD total,IBT,Renewable electricity output (% of total electricity output),EG.ELC.RNEW.ZS,23.0444057684188,23.3532900785531,23.9700638565524,..,..
IDA blend,IDB,"Population, total",SP.POP.TOTL,474993526,486261860,497751634,509396383,521159393
IDA blend,IDB,GDP per capita (current US$),NY.GDP.PCAP.CD,1859.12357555981,1975.03337422039,2096.19387503553,1917.19969258641,1754.20461312359
IDA blend,IDB,Renewable electricity output (% of total electricity output),EG.ELC.RNEW.ZS,30.2260268848742,29.7897167194972,30.0121704529447,..,..
IDA only,IDX,"Population, total",SP.POP.TOTL,963121535,984961696,1007218680,1029942548,1053186582
IDA only,IDX,GDP per capita (current US$),NY.GDP.PCAP.CD,909.390655841145,966.84267080622,1020.65924606677,1010.67791987618,1023.47332008504
IDA only,IDX,Renewable electricity output (% of total electricity output),EG.ELC.RNEW.ZS,50.1074552459203,51.3009705647121,51.5849172900532,..,..
IDA total,IDA,"Population, total",SP.POP.TOTL,1438115061,1471223556,1504970314,1539338931,1574345975
IDA total,IDA,GDP per capita (current US$),NY.GDP.PCAP.CD,1229.46938403116,1306.86687861415,1383.76192544026,1315.99251129614,1268.10168071172
IDA total,IDA,Renewable electricity output (% of total electricity output),EG.ELC.RNEW.ZS,41.1151990709041,41.4541290286599,41.7341235903176,..,..
India,IND,"Population, total",SP.POP.TOTL,1263065852,1278562207,1293859294,1309053980,1324171354
India,IND,GDP per capita (current US$),NY.GDP.PCAP.CD,1446.98540954319,1452.19537323178,1573.11808897519,1613.18870760739,1709.38792119802
India,IND,Renewable electricity output (% of total electricity output),EG.ELC.RNEW.ZS,15.732973360913,16.8524818178771,15.4096091496181,..,..
Indonesia,IDN,"Population, total",SP.POP.TOTL,248883232,252032263,255131116,258162113,261115456
Indonesia,IDN,GDP per capita (current US$),NY.GDP.PCAP.CD,3687.95399645786,3620.66398109522,3491.59588685069,3336.10668610138,3570.29488811764
Indonesia,IDN,Renewable electricity output (% of total electricity output),EG.ELC.RNEW.ZS,11.2410773198968,12.3371352502168,11.4361969766577,..,..
"Iran, Islamic Rep.",IRN,"Population, total",SP.POP.TOTL,76453574,77435384,78411092,79360487,80277428
"Iran, Islamic Rep.",IRN,GDP per capita (current US$),NY.GDP.PCAP.CD,7680.60064376677,6607.06835374872,5424.30997419193,4957.58127645679,..
"Iran, Islamic Rep.",IRN,Renewable electricity output (% of total electricity output),EG.ELC.RNEW.ZS,4.98552753700703,5.70772079837216,5.19538689554967,..,..
Iraq,IRQ,"Population, total",SP.POP.TOTL,32776571,33883145,35006080,36115649,37202572
Iraq,IRQ,GDP per capita (current US$),NY.GDP.PCAP.CD,6651.12241981136,6925.22404568487,6703.07473722928,4974.0269301667,4609.60069352322
Iraq,IRQ,Renewable electricity output (% of total electricity output),EG.ELC.RNEW.ZS,9.54409144247903,8.14248057238711,4.32505017117223,..,..
Ireland,IRL,"Population, total",SP.POP.TOTL,4586897,4598294,4617225,4676835,4773095
Ireland,IRL,GDP per capita (current US$),NY.GDP.PCAP.CD,49231.3625443705,52034.7673577458,55503.3262278936,60664.1043991579,61606.482939417
Ireland,IRL,Renewable electricity output (% of total electricity output),EG.ELC.RNEW.ZS,19.172630349058,21.7932317711362,24.5246783176493,..,..
Isle of Man,IMN,"Population, total",SP.POP.TOTL,81406,82013,82590,83167,83737
Isle of Man,IMN,GDP per capita (current US$),NY.GDP.PCAP.CD,79028.0449845932,82356.82336654,89941.6442851908,..,..
Isle of Man,IMN,Renewable electricity output (% of total electricity output),EG.ELC.RNEW.ZS,1.48698884758364,0.793650793650794,0.793650793650794,..,..
Israel,ISR,"Population, total",SP.POP.TOTL,7910500,8059500,8215700,8380100,8547100
Israel,ISR,GDP per capita (current US$),NY.GDP.PCAP.CD,32569.5968257028,36393.6693204984,37582.8462414114,35729.3725285817,37292.6122172917
Israel,ISR,Renewable electricity output (% of total electricity output),EG.ELC.RNEW.ZS,0.76821738647366,0.931150321255015,1.5144788120961,..,..
Italy,ITA,"Population, total",SP.POP.TOTL,59539717,60233948,60789140,60730582,60600590
Italy,ITA,GDP per capita (current US$),NY.GDP.PCAP.CD,34814.1243593936,35370.274411922,35396.6651676845,30049.1475451649,30527.2682030287
Italy,ITA,Renewable electricity output (% of total electricity output),EG.ELC.RNEW.ZS,31.0203903154411,38.905348564998,43.3916063800716,..,..
Jamaica,JAM,"Population, total",SP.POP.TOTL,2840992,2851807,2862087,2871934,2881355
Jamaica,JAM,GDP per capita (current US$),NY.GDP.PCAP.CD,5210.30336324041,5006.14495151,4855.74378888037,4965.98985689509,4868.24826260746
Jamaica,JAM,Renewable electricity output (% of total electricity output),EG.ELC.RNEW.ZS,10.924158714214,9.84222389181067,9.77206595538312,..,..
Japan,JPN,"Population, total",SP.POP.TOTL,127629000,127445000,127276000,127141000,126994511
Japan,JPN,GDP per capita (current US$),NY.GDP.PCAP.CD,48603.4766497749,40454.4474578903,38096.2115051033,34474.1373599536,38894.4677292018
Japan,JPN,Renewable electricity output (% of total electricity output),EG.ELC.RNEW.ZS,11.2019441124494,12.2141103135625,14.0275993935473,..,..
Jordan,JOR,"Population, total",SP.POP.TOTL,7992573,8413464,8809306,9159302,9455802
Jordan,JOR,GDP per capita (current US$),NY.GDP.PCAP.CD,3870.75321121669,3992.86710705268,4066.94077543088,4096.09927499826,4087.9375167203
Jordan,JOR,Renewable electricity output (% of total electricity output),EG.ELC.RNEW.ZS,0.42178838274283,0.370735098186874,0.362239297475302,..,..
Kazakhstan,KAZ,"Population, total",SP.POP.TOTL,16791425,17035275,17289224,17544126,17797032
Kazakhstan,KAZ,GDP per capita (current US$),NY.GDP.PCAP.CD,12387.1898225308,13890.8560077898,12806.5651078094,10509.9810699442,7510.07720865798
Kazakhstan,KAZ,Renewable electricity output (% of total electricity output),EG.ELC.RNEW.ZS,8.23125074070483,7.50538385425761,7.87775535843454,..,..
Kenya,KEN,"Population, total",SP.POP.TOTL,43646629,44826849,46024250,47236259,48461567
Kenya,KEN,GDP per capita (current US$),NY.GDP.PCAP.CD,1155.02058181812,1229.11479786504,1335.06458006543,1349.97014383813,1455.35976536469
Kenya,KEN,Renewable electricity output (% of total electricity output),EG.ELC.RNEW.ZS,74.7765397330721,69.2879675529518,81.4862821343703,..,..
Kiribati,KIR,"Population, total",SP.POP.TOTL,106613,108535,110458,112407,114395
Kiribati,KIR,GDP per capita (current US$),NY.GDP.PCAP.CD,1763.81549743152,1724.36173659455,1684.50427437246,1424.48361073121,1449.05823116784
Kiribati,KIR,Renewable electricity output (% of total electricity output),EG.ELC.RNEW.ZS,0,0,0,..,..
"Korea, Dem. People’s Rep.",PRK,"Population, total",SP.POP.TOTL,24854034,24985976,25116363,25243917,25368620
"Korea, Dem. People’s Rep.",PRK,GDP per capita (current US$),NY.GDP.PCAP.CD,..,..,..,..,..
"Korea, Dem. People’s Rep.",PRK,Renewable electricity output (% of total electricity output),EG.ELC.RNEW.ZS,70.1809107922645,75.8236962688195,72.589200960411,..,..
"Korea, Rep.",KOR,"Population, total",SP.POP.TOTL,50199853,50428893,50746659,51014947,51245707
"Korea, Rep.",KOR,GDP per capita (current US$),NY.GDP.PCAP.CD,24358.7821758226,25890.0186698906,27811.36638377,27105.076226264,27538.8061282212
"Korea, Rep.",KOR,Renewable electricity output (% of total electricity output),EG.ELC.RNEW.ZS,1.33594507802273,1.63285870185595,1.56668773414672,..,..
Kosovo,XKX,"Population, total",SP.POP.TOTL,1805200,1824100,1821800,1801800,1816200
Kosovo,XKX,GDP per capita (current US$),NY.GDP.PCAP.CD,3586.15376954762,3877.03108696647,4054.72133937609,3574.48178231144,3661.42984742258
Kosovo,XKX,Renewable electricity output (% of total electricity output),EG.ELC.RNEW.ZS,1.61534578495709,2.19157088122605,2.77777777777778,..,..
Kuwait,KWT,"Population, total",SP.POP.TOTL,3395556,3598385,3782450,3935794,4052584
Kuwait,KWT,GDP per capita (current US$),NY.GDP.PCAP.CD,51264.0713358672,48399.9058087085,42996.4081162021,28975.4010764335,..
Kuwait,KWT,Renewable electricity output (% of total electricity output),EG.ELC.RNEW.ZS,0,0,0,..,..
Kyrgyz Republic,KGZ,"Population, total",SP.POP.TOTL,5607200,5719600,5835500,5956900,6082700
Kyrgyz Republic,KGZ,GDP per capita (current US$),NY.GDP.PCAP.CD,1177.97473487848,1282.43716202467,1279.76978265986,1121.08283510739,1077.0361743348
Kyrgyz Republic,KGZ,Renewable electricity output (% of total electricity output),EG.ELC.RNEW.ZS,93.479694092827,93.476554136036,91.2572055997804,..,..
Lao PDR,LAO,"Population, total",SP.POP.TOTL,6415169,6494557,6576397,6663967,6758353
Lao PDR,LAO,GDP per capita (current US$),NY.GDP.PCAP.CD,1588.63586575363,1838.79477852383,2017.56334381982,2159.42297763653,2353.15287465084
Lao PDR,LAO,Renewable electricity output (% of total electricity output),EG.ELC.RNEW.ZS,92.1103914034825,93.2900917020801,93.1506849315068,..,..
Late-demographic dividend,LTE,"Population, total",SP.POP.TOTL,2208049607,2221689409,2235382535,2248927194,2262709895
Late-demographic dividend,LTE,GDP per capita (current US$),NY.GDP.PCAP.CD,7965.66924645431,8526.59195740842,8811.36246917509,8200.77600116084,8144.64578047236
Late-demographic dividend,LTE,Renewable electricity output (% of total electricity output),EG.ELC.RNEW.ZS,23.8313798748976,23.9280124114885,25.2384075299636,..,..
Latin America & Caribbean,LCN,"Population, total",SP.POP.TOTL,610545003,617492351,624331830,631058524,637664490
Latin America & Caribbean,LCN,GDP per capita (current US$),NY.GDP.PCAP.CD,10021.2316169844,10154.6712187147,10052.7741694733,8492.7335439718,8156.5907376669
Latin America & Caribbean,LCN,Renewable electricity output (% of total electricity output),EG.ELC.RNEW.ZS,54.881032174282,53.2083280959768,53.0074065290244,..,..
Latin America & Caribbean (excluding high income),LAC,"Population, total",SP.POP.TOTL,583515410,590319145,597035363,603644865,610136397
Latin America & Caribbean (excluding high income),LAC,GDP per capita (current US$),NY.GDP.PCAP.CD,9665.19251798095,9776.49685057952,9708.14305642604,8148.63359309967,7803.42762355456
Latin America & Caribbean (excluding high income),LAC,Renewable electricity output (% of total electricity output),EG.ELC.RNEW.ZS,57.2602104688866,55.2925552352435,54.6304164766138,..,..
Latin America & the Caribbean (IDA & IBRD countries),TLA,"Population, total",SP.POP.TOTL,594330743,601277206,608136047,614891969,621534921
Latin America & the Caribbean (IDA & IBRD countries),TLA,GDP per capita (current US$),NY.GDP.PCAP.CD,9948.46594696581,10075.953383764,9965.7002183083,8379.7782559445,8044.14928377828
Latin America & the Caribbean (IDA & IBRD countries),TLA,Renewable electricity output (% of total electricity output),EG.ELC.RNEW.ZS,56.6008910239748,54.8169488666832,54.5595681964363,..,..
Latvia,LVA,"Population, total",SP.POP.TOTL,2034319,2012647,1993782,1977527,1960424
Latvia,LVA,GDP per capita (current US$),NY.GDP.PCAP.CD,13822.8055940347,15032.2292372545,15725.0137425111,13666.5833641408,14118.0639067571
Latvia,LVA,Renewable electricity output (% of total electricity output),EG.ELC.RNEW.ZS,66.6288308740068,56.9173779996779,54.5419179148026,..,..
Least developed countries: UN classification,LDC,"Population, total",SP.POP.TOTL,890423474,912093996,934192321,956631108,979387925
Least developed countries: UN classification,LDC,GDP per capita (current US$),NY.GDP.PCAP.CD,894.798260188328,946.725803675866,1002.48533047617,971.115334071394,960.074271128757
Least developed countries: UN classification,LDC,Renewable electricity output (% of total electricity output),EG.ELC.RNEW.ZS,51.6823296070418,51.8020193225141,51.3102158765978,..,..
Lebanon,LBN,"Population, total",SP.POP.TOTL,4916404,5276102,5603279,5851479,6006668
Lebanon,LBN,GDP per capita (current US$),NY.GDP.PCAP.CD,8787.94660773667,8406.28515340449,8161.46140030361,8046.63285144014,7914.0046774839
Lebanon,LBN,Renewable electricity output (% of total electricity output),EG.ELC.RNEW.ZS,6.79212194792931,7.25681935151827,1.07508912655971,..,..
Lesotho,LSO,"Population, total",SP.POP.TOTL,2089928,2117361,2145785,2174645,2203821
Lesotho,LSO,GDP per capita (current US$),NY.GDP.PCAP.CD,1281.50016047685,1196.01334985872,1174.83921426715,1073.82809348165,998.134371557577
Lesotho,LSO,Renewable electricity output (% of total electricity output),EG.ELC.RNEW.ZS,100,100,100,..,..
Liberia,LBR,"Population, total",SP.POP.TOTL,4181563,4286291,4390737,4499621,4613823
Liberia,LBR,GDP per capita (current US$),NY.GDP.PCAP.CD,415.036195795687,454.122223619442,458.465173386609,452.038071650923,455.370741357005
Liberia,LBR,Renewable electricity output (% of total electricity output),EG.ELC.RNEW.ZS,0,0,0,..,..
Libya,LBY,"Population, total",SP.POP.TOTL,6198258,6195970,6204108,6234955,6293253
Libya,LBY,GDP per capita (current US$),NY.GDP.PCAP.CD,..,..,..,..,..
Libya,LBY,Renewable electricity output (% of total electricity output),EG.ELC.RNEW.ZS,0,0,0,..,..
Liechtenstein,LIE,"Population, total",SP.POP.TOTL,36545,36834,37127,37403,37666
Liechtenstein,LIE,GDP per capita (current US$),NY.GDP.PCAP.CD,149295.646043634,173528.150454463,179478.584827866,..,..
Liechtenstein,LIE,Renewable electricity output (% of total electricity output),EG.ELC.RNEW.ZS,95.6926658905704,96.0140679953107,93.8118811881188,..,..
Lithuania,LTU,"Population, total",SP.POP.TOTL,2987773,2957689,2932367,2904910,2872298
Lithuania,LTU,GDP per capita (current US$),NY.GDP.PCAP.CD,14341.0830628051,15712.8237625955,16554.9713919032,14252.4285255672,14879.6802989698
Lithuania,LTU,Renewable electricity output (% of total electricity output),EG.ELC.RNEW.ZS,26.1205564142195,36.2126245847176,40.7497303128371,..,..
Low & middle income,LMY,"Population, total",SP.POP.TOTL,5935500538.07723,6014016343.61008,6093019654.73916,6172290591.68203,6252106157
Low & middle income,LMY,GDP per capita (current US$),NY.GDP.PCAP.CD,4375.09320084189,4583.84498801671,4681.73663824717,4386.28870062568,4334.0076437743
Low & middle income,LMY,Renewable electricity output (% of total electricity output),EG.ELC.RNEW.ZS,23.1473864168232,23.417540227318,23.9490612003766,..,..
Low income,LIC,"Population, total",SP.POP.TOTL,591576162,607987351,624759914,641858608,659272676
Low income,LIC,GDP per capita (current US$),NY.GDP.PCAP.CD,595.535808968946,624.75194053718,656.166241289862,625.61738573602,615.072801668344
Low income,LIC,Renewable electricity output (% of total electricity output),EG.ELC.RNEW.ZS,72.223452591514,72.257299441767,72.2444343456713,..,..
Lower middle income,LMC,"Population, total",SP.POP.TOTL,2841934571,2884574006,2927194316,2970020158,3012923806
Lower middle income,LMC,GDP per capita (current US$),NY.GDP.PCAP.CD,1944.64815498672,1998.7366169496,2072.76383050657,2031.8664436423,2075.14174998628
Lower middle income,LMC,Renewable electricity output (% of total electricity output),EG.ELC.RNEW.ZS,19.9534833557115,20.8496748404114,19.8250806665359,..,..
Luxembourg,LUX,"Population, total",SP.POP.TOTL,530946,543360,556319,569604,582972
Luxembourg,LUX,GDP per capita (current US$),NY.GDP.PCAP.CD,106749.013622989,113751.80046403,119172.741757442,101909.822325793,102831.321482811
Luxembourg,LUX,Renewable electricity output (% of total electricity output),EG.ELC.RNEW.ZS,11.1715632934349,20.0108166576528,20.9338929695698,..,..
"Macao SAR, China",MAC,"Population, total",SP.POP.TOTL,562531,575841,588781,600942,612167
"Macao SAR, China",MAC,GDP per capita (current US$),NY.GDP.PCAP.CD,76496.3661850194,89524.8443607146,94004.3898288491,75573.4807143851,73186.9601431088
"Macao SAR, China",MAC,Renewable electricity output (% of total electricity output),EG.ELC.RNEW.ZS,0,0,0,..,..
"Macedonia, FYR",MKD,"Population, total",SP.POP.TOTL,2074036,2075739,2077495,2079308,2081206
"Macedonia, FYR",MKD,GDP per capita (current US$),NY.GDP.PCAP.CD,4698.6894759835,5211.49920049925,5469.21789842179,4834.13672297387,5237.1476704612
"Macedonia, FYR",MKD,Renewable electricity output (% of total electricity output),EG.ELC.RNEW.ZS,16.6719897796231,26.1404660321628,24.0416821734276,..,..
Madagascar,MDG,"Population, total",SP.POP.TOTL,22346573,22961146,23589801,24234088,24894551
Madagascar,MDG,GDP per capita (current US$),NY.GDP.PCAP.CD,443.906100111531,461.723072174234,452.463192574895,401.857595060727,401.318870068995
Madagascar,MDG,Renewable electricity output (% of total electricity output),EG.ELC.RNEW.ZS,49.6889801073571,50.7399695181229,53.2746457642448,..,..
Malawi,MWI,"Population, total",SP.POP.TOTL,16097305,16577147,17068838,17573607,18091575
Malawi,MWI,GDP per capita (current US$),NY.GDP.PCAP.CD,374.501880192755,332.922303904319,354.725396088931,362.657544352305,300.794825113129
Malawi,MWI,Renewable electricity output (% of total electricity output),EG.ELC.RNEW.ZS,91.0678950510977,91.3702437652264,91.3702437652264,..,..
Malaysia,MYS,"Population, total",SP.POP.TOTL,29170456,29706724,30228017,30723155,31187265
Malaysia,MYS,GDP per capita (current US$),NY.GDP.PCAP.CD,10779.4964087235,10882.2784207824,11183.9619119992,9643.64468338462,9502.56839625166
Malaysia,MYS,Renewable electricity output (% of total electricity output),EG.ELC.RNEW.ZS,7.38348427233016,8.57764477983057,9.70780299588388,..,..
Maldives,MDV,"Population, total",SP.POP.TOTL,385000,393000,401000,409163,417492
Maldives,MDV,GDP per capita (current US$),NY.GDP.PCAP.CD,6541.07046499268,7112.33575009549,7716.20401546133,8395.78519750383,8601.63248838154
Maldives,MDV,Renewable electricity output (% of total electricity output),EG.ELC.RNEW.ZS,0.602006688963211,0.656023774301581,0.608069076647107,..,..
Mali,MLI,"Population, total",SP.POP.TOTL,16006670,16477818,16962846,17467905,17994837
Mali,MLI,GDP per capita (current US$),NY.GDP.PCAP.CD,777.347686759476,777.605913889789,825.572991487261,729.720533846474,780.507110878306
Mali,MLI,Renewable electricity output (% of total electricity output),EG.ELC.RNEW.ZS,57.4928440366973,64.7933030451541,42.8744112375474,..,..
Malta,MLT,"Population, total",SP.POP.TOTL,419455,423374,427364,431874,436947
Malta,MLT,GDP per capita (current US$),NY.GDP.PCAP.CD,21930.8083576552,23930.1880818804,26180.9259852411,23819.4635962242,25058.1706055815
Malta,MLT,Renewable electricity output (% of total electricity output),EG.ELC.RNEW.ZS,1.1333914559721,1.55486450466459,3.34075723830735,..,..
Marshall Islands,MHL,"Population, total",SP.POP.TOTL,52663,52793,52898,52994,53066
Marshall Islands,MHL,GDP per capita (current US$),NY.GDP.PCAP.CD,3513.96236446841,3617.75235353172,3461.64505274301,3385.90406461109,3448.53578562545
Marshall Islands,MHL,Renewable electricity output (% of total electricity output),EG.ELC.RNEW.ZS,0.257400257400257,0.239234449760766,0.234741784037559,..,..
Mauritania,MRT,"Population, total",SP.POP.TOTL,3830239,3946170,4063920,4182341,4301018
Mauritania,MRT,GDP per capita (current US$),NY.GDP.PCAP.CD,1364.28374502224,1450.57803807082,1326.66880206341,1158.25646878004,1077.55613626163
Mauritania,MRT,Renewable electricity output (% of total electricity output),EG.ELC.RNEW.ZS,0,0,0,..,..
Mauritius,MUS,"Population, total",SP.POP.TOTL,1255882,1258653,1260934,1262605,1263473
Mauritius,MUS,GDP per capita (current US$),NY.GDP.PCAP.CD,9291.22761861899,9637.00265000958,10153.9382184867,9252.11072429051,9627.59578522351
Mauritius,MUS,Renewable electricity output (% of total electricity output),EG.ELC.RNEW.ZS,20.7007508044333,20.6024930747922,20.3135650988412,..,..
Mexico,MEX,"Population, total",SP.POP.TOTL,120828307,122535969,124221600,125890949,127540423
Mexico,MEX,GDP per capita (current US$),NY.GDP.PCAP.CD,9820.53257157551,10298.8676612051,10452.2776576596,9143.12849376552,8201.3062528823
Mexico,MEX,Renewable electricity output (% of total electricity output),EG.ELC.RNEW.ZS,13.7863363578375,13.2995432622778,17.5435163318916,..,..
"Micronesia, Fed. Sts.",FSM,"Population, total",SP.POP.TOTL,103503,103702,104015,104433,104937
"Micronesia, Fed. Sts.",FSM,GDP per capita (current US$),NY.GDP.PCAP.CD,3148.07493502604,3044.54687469866,3057.94356583185,3016.0112225063,3068.50777132946
"Micronesia, Fed. Sts.",FSM,Renewable electricity output (% of total electricity output),EG.ELC.RNEW.ZS,0,0,0,..,..
Middle East & North Africa,MEA,"Population, total",SP.POP.TOTL,404782447,412950407,421022841,428961724,436720722
Middle East & North Africa,MEA,GDP per capita (current US$),NY.GDP.PCAP.CD,8689.3344043335,8642.9476770136,8436.96531397115,7350.73434312315,7124.68857338475
Middle East & North Africa,MEA,Renewable electricity output (% of total electricity output),EG.ELC.RNEW.ZS,3.23265890258656,3.38037370294029,3.03220114868642,..,..
Middle East & North Africa (excluding high income),MNA,"Population, total",SP.POP.TOTL,348195697,354641044,361077997,367449306,373719055
Middle East & North Africa (excluding high income),MNA,GDP per capita (current US$),NY.GDP.PCAP.CD,4790.86217322637,4615.98223724128,4373.82806298725,3933.95010540058,..
Middle East & North Africa (excluding high income),MNA,Renewable electricity output (% of total electricity output),EG.ELC.RNEW.ZS,5.97015722234639,6.17691553404933,5.53324962446052,..,..
Middle East & North Africa (IDA & IBRD countries),TMN,"Population, total",SP.POP.TOTL,344148796,350471538,356783315,363027163,369167489
Middle East & North Africa (IDA & IBRD countries),TMN,GDP per capita (current US$),NY.GDP.PCAP.CD,4814.39666657114,4634.99103382217,4390.41020315674,3946.37661801481,..
Middle East & North Africa (IDA & IBRD countries),TMN,Renewable electricity output (% of total electricity output),EG.ELC.RNEW.ZS,5.97424260862597,6.18163672654691,5.53580163685766,..,..
Middle income,MIC,"Population, total",SP.POP.TOTL,5343924376.07723,5406028992.61008,5468259740.73916,5530431983.68203,5592833481
Middle income,MIC,GDP per capita (current US$),NY.GDP.PCAP.CD,4803.85863976391,5039.63573820819,5152.03429113075,4831.53238077838,4781.42037667553
Middle income,MIC,Renewable electricity output (% of total electricity output),EG.ELC.RNEW.ZS,22.7987860470524,23.107760793404,23.6365313349693,..,..
Moldova,MDA,"Population, total",SP.POP.TOTL,3559519,3558566,3556397,3554108,3552000
Moldova,MDA,GDP per capita (current US$),NY.GDP.PCAP.CD,2046.53678665109,2243.979662444,2244.76376248334,1832.4990518988,1900.20147934803
Moldova,MDA,Renewable electricity output (% of total electricity output),EG.ELC.RNEW.ZS,4.63633229920717,6.96949454464485,6.20444776677257,..,..
Monaco,MCO,"Population, total",SP.POP.TOTL,37783,37971,38132,38307,38499
Monaco,MCO,GDP per capita (current US$),NY.GDP.PCAP.CD,..,..,..,..,..
Monaco,MCO,Renewable electricity output (% of total electricity output),EG.ELC.RNEW.ZS,..,..,..,..,..
Mongolia,MNG,"Population, total",SP.POP.TOTL,2814226,2869107,2923896,2976877,3027398
Mongolia,MNG,GDP per capita (current US$),NY.GDP.PCAP.CD,4368.08224755108,4385.37935468846,4181.5833210635,3944.18003872251,3686.45169810524
Mongolia,MNG,Renewable electricity output (% of total electricity output),EG.ELC.RNEW.ZS,0,1.69322709163347,3.16220238095238,..,..
Montenegro,MNE,"Population, total",SP.POP.TOTL,620601,621207,621810,622159,622781
Montenegro,MNE,GDP per capita (current US$),NY.GDP.PCAP.CD,6586.7192089878,7186.42978682154,7378.34528902948,6461.19255426627,6701.00008024241
Montenegro,MNE,Renewable electricity output (% of total electricity output),EG.ELC.RNEW.ZS,51.9338959212377,63.4727503168568,55.1984877126654,..,..
Morocco,MAR,"Population, total",SP.POP.TOTL,33333789,33824769,34318082,34803322,35276786
Morocco,MAR,GDP per capita (current US$),NY.GDP.PCAP.CD,2904.74672773209,3111.76288654102,3154.51348420947,2847.28556871398,2832.42977713622
Morocco,MAR,Renewable electricity output (% of total electricity output),EG.ELC.RNEW.ZS,8.62996158770807,14.6479584475545,12.3878104779795,..,..
Mozambique,MOZ,"Population, total",SP.POP.TOTL,25676606,26434372,27212382,28010691,28829476
Mozambique,MOZ,GDP per capita (current US$),NY.GDP.PCAP.CD,566.051387255338,605.985608081366,623.287114146296,528.312559713655,382.069330425644
Mozambique,MOZ,Renewable electricity output (% of total electricity output),EG.ELC.RNEW.ZS,99.8615323750495,97.6569318563276,91.1575743913436,..,..
Myanmar,MMR,"Population, total",SP.POP.TOTL,50986514,51448196,51924182,52403669,52885223
Myanmar,MMR,GDP per capita (current US$),NY.GDP.PCAP.CD,1171.50825745974,1168.80394672698,1262.89378167533,1194.59013673449,1275.01760814834
Myanmar,MMR,Renewable electricity output (% of total electricity output),EG.ELC.RNEW.ZS,72.3630264629146,72.0421327672083,62.3649078194533,..,..
Namibia,NAM,"Population, total",SP.POP.TOTL,2263934,2316520,2370992,2425561,2479713
Namibia,NAM,GDP per capita (current US$),NY.GDP.PCAP.CD,5749.4047524812,5488.13171199292,5421.34395342219,4737.66990632261,4140.46193248801
Namibia,NAM,Renewable electricity output (% of total electricity output),EG.ELC.RNEW.ZS,97.8088861838101,95.5672426746807,99.13217623498,..,..
Nauru,NRU,"Population, total",SP.POP.TOTL,10279,10821,11853,12475,13049
Nauru,NRU,GDP per capita (current US$),NY.GDP.PCAP.CD,10099.4220024211,10036.1832050216,9872.63831364996,8052.88838546659,7821.29891769903
Nauru,NRU,Renewable electricity output (% of total electricity output),EG.ELC.RNEW.ZS,0.421940928270042,0.411522633744856,0.215534445597509,..,..
Nepal,NPL,"Population, total",SP.POP.TOTL,27649925,27985310,28323241,28656282,28982771
Nepal,NPL,GDP per capita (current US$),NY.GDP.PCAP.CD,681.792586817722,688.617278796698,706.238697681072,743.765348857832,729.532501133179
Nepal,NPL,Renewable electricity output (% of total electricity output),EG.ELC.RNEW.ZS,99.4650900900901,99.7156667614444,99.9736634184883,..,..
Netherlands,NLD,"Population, total",SP.POP.TOTL,16754962,16804432,16865008,16939923,17018408
Netherlands,NLD,GDP per capita (current US$),NY.GDP.PCAP.CD,49474.705606422,51574.489418462,52157.4068701887,44292.8847318584,45294.7799953866
Netherlands,NLD,Renewable electricity output (% of total electricity output),EG.ELC.RNEW.ZS,12.1144649460783,11.9751120547299,11.3210466263126,..,..
New Caledonia,NCL,"Population, total",SP.POP.TOTL,259000,263000,268000,273000,278000
New Caledonia,NCL,GDP per capita (current US$),NY.GDP.PCAP.CD,..,..,..,..,..
New Caledonia,NCL,Renewable electricity output (% of total electricity output),EG.ELC.RNEW.ZS,20.1582236985882,20.4393078347487,13.3509291184817,..,..
New Zealand,NZL,"Population, total",SP.POP.TOTL,4408100,4442100,4509700,4595700,4692700
New Zealand,NZL,GDP per capita (current US$),NY.GDP.PCAP.CD,39970.2562445037,42889.8814066272,44503.2467325879,38201.8903655116,39426.6234987649
New Zealand,NZL,Renewable electricity output (% of total electricity output),EG.ELC.RNEW.ZS,71.863985539991,74.2609499595516,79.1173971942231,..,..
Nicaragua,NIC,"Population, total",SP.POP.TOTL,5877108,5945747,6013997,6082035,6149928
Nicaragua,NIC,GDP per capita (current US$),NY.GDP.PCAP.CD,1792.0380448462,1847.19804868568,1975.46470748978,2095.96648814515,2151.38204656346
Nicaragua,NIC,Renewable electricity output (% of total electricity output),EG.ELC.RNEW.ZS,42.8181592656909,52.3420610136921,53.8928892889289,..,..
Niger,NER,"Population, total",SP.POP.TOTL,17731634,18426372,19148219,19896965,20672987
Niger,NER,GDP per capita (current US$),NY.GDP.PCAP.CD,391.515502437865,416.14008377196,430.60464978834,358.997030070782,363.226973889882
Niger,NER,Renewable electricity output (% of total electricity output),EG.ELC.RNEW.ZS,0,0.589101620029455,0.579710144927536,..,..
Nigeria,NGA,"Population, total",SP.POP.TOTL,167297284,171829303,176460502,181181744,185989640
Nigeria,NGA,GDP per capita (current US$),NY.GDP.PCAP.CD,2755.29778740678,2996.96430245373,3221.67812819676,2655.15797701046,2177.98516981843
Nigeria,NGA,Renewable electricity output (% of total electricity output),EG.ELC.RNEW.ZS,19.7136487145544,18.4399127514455,17.5913129318855,..,..
North America,NAC,"Population, total",SP.POP.TOTL,348813722,351425360,354173159,356810463,359479269
North America,NAC,GDP per capita (current US$),NY.GDP.PCAP.CD,51560.704640076,52755.7792523288,54187.4940946153,54918.0832793418,55927.8558946185
North America,NAC,Renewable electricity output (% of total electricity output),EG.ELC.RNEW.ZS,18.5498653654097,19.3625667403123,19.5244152910582,..,..
Northern Mariana Islands,MNP,"Population, total",SP.POP.TOTL,53718,54036,54468,54816,55023
Northern Mariana Islands,MNP,GDP per capita (current US$),NY.GDP.PCAP.CD,13980.4162478127,14434.8212302909,15348.4614819711,16819.9065966141,..
Northern Mariana Islands,MNP,Renewable electricity output (% of total electricity output),EG.ELC.RNEW.ZS,0,0,0,..,..
Norway,NOR,"Population, total",SP.POP.TOTL,5018573,5079623,5137232,5188607,5232929
Norway,NOR,GDP per capita (current US$),NY.GDP.PCAP.CD,101563.702677597,102910.435039364,97005.4985619729,74505.2465396901,70812.4774226187
Norway,NOR,Renewable electricity output (% of total electricity output),EG.ELC.RNEW.ZS,97.9549112135512,97.7066626695646,97.6876081505809,..,..
Not classified,INX,"Population, total",SP.POP.TOTL,..,..,..,..,..
Not classified,INX,GDP per capita (current US$),NY.GDP.PCAP.CD,..,..,..,..,..
Not classified,INX,Renewable electricity output (% of total electricity output),EG.ELC.RNEW.ZS,..,..,..,..,..
OECD members,OED,"Population, total",SP.POP.TOTL,1256599264,1264695223,1273109967,1281401703,1289937319
OECD members,OED,GDP per capita (current US$),NY.GDP.PCAP.CD,38044.6484170295,38252.2773169878,38738.8289594862,36280.5409148527,36741.3610815405
OECD members,OED,Renewable electricity output (% of total electricity output),EG.ELC.RNEW.ZS,20.0250861928404,21.2688857808926,22.0995114182218,..,..
Oman,OMN,"Population, total",SP.POP.TOTL,3464644,3711481,3960925,4199810,4424762
Oman,OMN,GDP per capita (current US$),NY.GDP.PCAP.CD,22134.9100562479,21268.7564036272,20458.4522649443,16627.3643320866,14982.3579235229
Oman,OMN,Renewable electricity output (% of total electricity output),EG.ELC.RNEW.ZS,0,0,0,..,..
Other small states,OSS,"Population, total",SP.POP.TOTL,27527819,28146089,28759578,29374084,29983809
Other small states,OSS,GDP per capita (current US$),NY.GDP.PCAP.CD,15017.6762939557,15316.0351113239,15452.4222948547,12555.7477821709,11965.5609054918
Other small states,OSS,Renewable electricity output (% of total electricity output),EG.ELC.RNEW.ZS,26.3516514325928,26.617172517591,24.9709088745257,..,..
Pacific island small states,PSS,"Population, total",SP.POP.TOTL,2271298,2300045,2329458,2358955,2388875
Pacific island small states,PSS,GDP per capita (current US$),NY.GDP.PCAP.CD,3570.31907461386,3641.37447618691,3769.46508803847,3635.98591619899,3720.73663143055
Pacific island small states,PSS,Renewable electricity output (% of total electricity output),EG.ELC.RNEW.ZS,41.4246736713289,39.4948236111593,30.6413489290597,..,..
Pakistan,PAK,"Population, total",SP.POP.TOTL,177911533,181712595,185546257,189380513,193203476
Pakistan,PAK,GDP per capita (current US$),NY.GDP.PCAP.CD,1261.20896743422,1272.44106100063,1316.98096583434,1431.24486452697,1468.19294647812
Pakistan,PAK,Renewable electricity output (% of total electricity output),EG.ELC.RNEW.ZS,31.0605981794538,31.0061877858488,30.2217368595983,..,..
Palau,PLW,"Population, total",SP.POP.TOTL,20758,20920,21094,21288,21503
Palau,PLW,GDP per capita (current US$),NY.GDP.PCAP.CD,10318.9131900954,10932.1223709369,11894.3775481179,13500.5636978579,13626.0056736269
Palau,PLW,Renewable electricity output (% of total electricity output),EG.ELC.RNEW.ZS,0,0,0,..,..
Panama,PAN,"Population, total",SP.POP.TOTL,3772938,3838462,3903986,3969249,4034119
Panama,PAN,GDP per capita (current US$),NY.GDP.PCAP.CD,10589.8271320653,11685.9798273371,12593.7370420898,13134.043669218,13680.23600692
Panama,PAN,Renewable electricity output (% of total electricity output),EG.ELC.RNEW.ZS,62.9315355108683,57.9258763116767,55.7984279099817,..,..
Papua New Guinea,PNG,"Population, total",SP.POP.TOTL,7430836,7592865,7755785,7919825,8084991
Papua New Guinea,PNG,GDP per capita (current US$),NY.GDP.PCAP.CD,2071.31874144127,2029.95360445923,2182.71656543065,..,..
Papua New Guinea,PNG,Renewable electricity output (% of total electricity output),EG.ELC.RNEW.ZS,48.538788522848,44.111297673303,44.111297673303,..,..
Paraguay,PRY,"Population, total",SP.POP.TOTL,6379219,6465740,6552584,6639119,6725308
Paraguay,PRY,GDP per capita (current US$),NY.GDP.PCAP.CD,3855.53773490999,4479.90585798851,4712.8227356279,4109.36772421106,4080.20464394436
Paraguay,PRY,Renewable electricity output (% of total electricity output),EG.ELC.RNEW.ZS,99.9950195069312,99.9950315496597,99.9891465576499,..,..
Peru,PER,"Population, total",SP.POP.TOTL,30158966,30565716,30973354,31376671,31773839
Peru,PER,GDP per capita (current US$),NY.GDP.PCAP.CD,6387.78528050603,6583.11624846311,6491.05245028136,6030.34325949661,6045.6500766247
Peru,PER,Renewable electricity output (% of total electricity output),EG.ELC.RNEW.ZS,55.2331554286001,53.8802558359694,52.1932040327718,..,..
Philippines,PHL,"Population, total",SP.POP.TOTL,96866642,98481032,100102249,101716359,103320222
Philippines,PHL,GDP per capita (current US$),NY.GDP.PCAP.CD,2581.81855367229,2760.28914607311,2842.93835295284,2878.33837046989,2951.07192903542
Philippines,PHL,Renewable electricity output (% of total electricity output),EG.ELC.RNEW.ZS,28.4444810136998,26.4036882523317,25.5973182159406,..,..
Poland,POL,"Population, total",SP.POP.TOTL,38063164,38040196,38011735,37986412,37948016
Poland,POL,GDP per capita (current US$),NY.GDP.PCAP.CD,13145.1048415824,13780.5491146258,14341.6705004491,12565.987597528,12372.4170564311
Poland,POL,Renewable electricity output (% of total electricity output),EG.ELC.RNEW.ZS,10.437756244164,10.405311482606,12.5186110480228,..,..
Portugal,PRT,"Population, total",SP.POP.TOTL,10514844,10457295,10401062,10358076,10324611
Portugal,PRT,GDP per capita (current US$),NY.GDP.PCAP.CD,20577.4026375899,21618.7353389663,22077.5361325219,19220.0068081473,19813.3082485256
Portugal,PRT,Renewable electricity output (% of total electricity output),EG.ELC.RNEW.ZS,42.500438827453,58.3191514623818,60.7401990030601,..,..
Post-demographic dividend,PST,"Population, total",SP.POP.TOTL,1082722218,1087560614,1092601669,1097570905,1102730983
Post-demographic dividend,PST,GDP per capita (current US$),NY.GDP.PCAP.CD,41960.1578936842,42131.000679007,42728.4281128251,40163.0508420953,40873.1947336663
Post-demographic dividend,PST,Renewable electricity output (% of total electricity output),EG.ELC.RNEW.ZS,19.5266239408977,20.9202072629237,21.724796322496,..,..
Pre-demographic dividend,PRE,"Population, total",SP.POP.TOTL,783505835,806705375,830442736,854646007,879292453
Pre-demographic dividend,PRE,GDP per capita (current US$),NY.GDP.PCAP.CD,1630.96372028027,1731.0641030135,1796.55878772258,1517.46797078024,1358.75149032674
Pre-demographic dividend,PRE,Renewable electricity output (% of total electricity output),EG.ELC.RNEW.ZS,45.3499285100197,42.7935861473498,41.3819899382551,..,..
Puerto Rico,PRI,"Population, total",SP.POP.TOTL,3634488,3593077,3534874,3473181,3411307
Puerto Rico,PRI,GDP per capita (current US$),NY.GDP.PCAP.CD,27811.548146534,28703.7483471687,..,..,..
Puerto Rico,PRI,Renewable electricity output (% of total electricity output),EG.ELC.RNEW.ZS,0.562609728847825,1.07850802557145,1.6306387450274,..,..
Qatar,QAT,"Population, total",SP.POP.TOTL,2109568,2250473,2374419,2481539,2569804
Qatar,QAT,GDP per capita (current US$),NY.GDP.PCAP.CD,88564.8229796416,88304.8795754258,86852.710189198,66346.5226685873,59330.8599872525
Qatar,QAT,Renewable electricity output (% of total electricity output),EG.ELC.RNEW.ZS,0,0,0,..,..
Romania,ROU,"Population, total",SP.POP.TOTL,20058035,19983693,19908979,19815481,19705301
Romania,ROU,GDP per capita (current US$),NY.GDP.PCAP.CD,8558.3976056224,9585.26659264653,10020.2773322992,8958.78859287686,9474.13060440536
Romania,ROU,Renewable electricity output (% of total electricity output),EG.ELC.RNEW.ZS,25.3955830809542,34.4215525488588,41.6060857028926,..,..
Russian Federation,RUS,"Population, total",SP.POP.TOTL,143201676,143506911,143819666,144096870,144342396
Russian Federation,RUS,GDP per capita (current US$),NY.GDP.PCAP.CD,15154.4568726812,15543.6765317424,14125.9060977801,9329.29835134816,8748.36450405452
Russian Federation,RUS,Renewable electricity output (% of total electricity output),EG.ELC.RNEW.ZS,15.5637311058596,17.1746302202462,16.5682511980707,..,..
Rwanda,RWA,"Population, total",SP.POP.TOTL,10788853,11065151,11345357,11629553,11917508
Rwanda,RWA,GDP per capita (current US$),NY.GDP.PCAP.CD,678.079697291679,688.876855732777,706.569951658266,710.348390658908,702.835601585743
Rwanda,RWA,Renewable electricity output (% of total electricity output),EG.ELC.RNEW.ZS,46.1832061068702,35.8508835633019,39.0254148288175,..,..
Samoa,WSM,"Population, total",SP.POP.TOTL,189194,190757,192290,193759,195125
Samoa,WSM,GDP per capita (current US$),NY.GDP.PCAP.CD,4234.55444295603,4219.06512309738,4178.97336868309,4149.36344384036,4027.76137034554
Samoa,WSM,Renewable electricity output (% of total electricity output),EG.ELC.RNEW.ZS,31.3993174061433,29.5190713101161,29.5190713101161,..,..
San Marino,SMR,"Population, total",SP.POP.TOTL,31914,32303,32657,32960,33203
San Marino,SMR,GDP per capita (current US$),NY.GDP.PCAP.CD,..,..,..,..,..
San Marino,SMR,Renewable electricity output (% of total electricity output),EG.ELC.RNEW.ZS,..,..,..,..,..
Sao Tome and Principe,STP,"Population, total",SP.POP.TOTL,182889,187045,191266,195553,199910
Sao Tome and Principe,STP,GDP per capita (current US$),NY.GDP.PCAP.CD,1380.94995917229,1619.53267761188,1821.87873390297,1624.60396252995,1756.0614700482
Sao Tome and Principe,STP,Renewable electricity output (% of total electricity output),EG.ELC.RNEW.ZS,10.4477611940298,10.4477611940298,10.4477611940298,..,..
Saudi Arabia,SAU,"Population, total",SP.POP.TOTL,29086357,29944476,30776722,31557144,32275687
Saudi Arabia,SAU,GDP per capita (current US$),NY.GDP.PCAP.CD,25303.0946209133,24934.3861421258,24575.4030374119,20732.8617218565,20028.6482072005
Saudi Arabia,SAU,Renewable electricity output (% of total electricity output),EG.ELC.RNEW.ZS,0.000368080094228504,0.000352091600150695,0.000320712237737568,..,..
Senegal,SEN,"Population, total",SP.POP.TOTL,13703513,14120320,14546111,14976994,15411614
Senegal,SEN,GDP per capita (current US$),NY.GDP.PCAP.CD,1036.40501832823,1048.91235053219,1052.44387304468,908.725614527345,958.073737852607
Senegal,SEN,Renewable electricity output (% of total electricity output),EG.ELC.RNEW.ZS,9.82608695652174,10.4184217916316,10.4317511397157,..,..
Serbia,SRB,"Population, total",SP.POP.TOTL,7199077,7164132,7130576,7095383,7057412
Serbia,SRB,GDP per capita (current US$),NY.GDP.PCAP.CD,5659.38020403691,6353.82638279332,6200.17322102474,5237.25533423136,5348.29406421381
Serbia,SRB,Renewable electricity output (% of total electricity output),EG.ELC.RNEW.ZS,25.6890879433801,26.0636806281388,32.9845123482629,..,..
Seychelles,SYC,"Population, total",SP.POP.TOTL,88303,89949,91359,93419,94677
Seychelles,SYC,GDP per capita (current US$),NY.GDP.PCAP.CD,12845.17363161,15687.3479494868,15570.7789222605,15390.0406382807,15075.7194365696
Seychelles,SYC,Renewable electricity output (% of total electricity output),EG.ELC.RNEW.ZS,0,1.96205747840325,2.14994487320838,..,..
Sierra Leone,SLE,"Population, total",SP.POP.TOTL,6766103,6922079,7079162,7237025,7396190
Sierra Leone,SLE,GDP per capita (current US$),NY.GDP.PCAP.CD,561.898423858481,710.818699843413,708.439475708292,587.503823327043,496.049463350517
Sierra Leone,SLE,Renewable electricity output (% of total electricity output),EG.ELC.RNEW.ZS,66.099513068786,64.1097390352211,65.3569452130603,..,..
Singapore,SGP,"Population, total",SP.POP.TOTL,5312437,5399162,5469724,5535002,5607283
Singapore,SGP,GDP per capita (current US$),NY.GDP.PCAP.CD,54431.1619899752,56029.1891416371,56336.0723407889,53629.7374603324,52960.7141893889
Singapore,SGP,Renewable electricity output (% of total electricity output),EG.ELC.RNEW.ZS,1.35828489919312,1.54683232921262,1.66261644390441,..,..
Sint Maarten (Dutch part),SXM,"Population, total",SP.POP.TOTL,34640,36607,37685,38824,40005
Sint Maarten (Dutch part),SXM,GDP per capita (current US$),NY.GDP.PCAP.CD,..,..,..,..,..
Sint Maarten (Dutch part),SXM,Renewable electricity output (% of total electricity output),EG.ELC.RNEW.ZS,0,0,0,..,..
Slovak Republic,SVK,"Population, total",SP.POP.TOTL,5407579,5413393,5418649,5423801,5428704
Slovak Republic,SVK,GDP per capita (current US$),NY.GDP.PCAP.CD,17274.6423040509,18191.612786163,18595.1511139028,16089.7484602032,16495.9876837228
Slovak Republic,SVK,Renewable electricity output (% of total electricity output),EG.ELC.RNEW.ZS,19.3236373905676,22.2802833695728,22.9445999705319,..,..
Slovenia,SVN,"Population, total",SP.POP.TOTL,2057159,2059953,2061980,2063531,2064845
Slovenia,SVN,GDP per capita (current US$),NY.GDP.PCAP.CD,22486.4716702747,23150.3179893477,24020.6728561283,20729.8638261683,21304.5701619503
Slovenia,SVN,Renewable electricity output (% of total electricity output),EG.ELC.RNEW.ZS,27.8428093645485,32.323360111329,38.5189069509992,..,..
Small states,SST,"Population, total",SP.POP.TOTL,36873246,37565022,38251715,38937987,39618156
Small states,SST,GDP per capita (current US$),NY.GDP.PCAP.CD,13270.0507135188,13526.3009668734,13642.3554565784,11407.0246951722,10883.0928113459
Small states,SST,Renewable electricity output (% of total electricity output),EG.ELC.RNEW.ZS,24.0448171393857,24.2801987966944,22.8109587263617,..,..
Solomon Islands,SLB,"Population, total",SP.POP.TOTL,551531,563513,575504,587482,599419
Solomon Islands,SLB,GDP per capita (current US$),NY.GDP.PCAP.CD,1858.68986797649,1880.51589970053,2009.6526224944,1922.04138818612,2005.48364332796
Solomon Islands,SLB,Renewable electricity output (% of total electricity output),EG.ELC.RNEW.ZS,0,0,0,..,..
Somalia,SOM,"Population, total",SP.POP.TOTL,12763776,13132349,13513125,13908129,14317996
Somalia,SOM,GDP per capita (current US$),NY.GDP.PCAP.CD,..,407.543235410512,417.890014337912,426.009853661841,434.208809668616
Somalia,SOM,Renewable electricity output (% of total electricity output),EG.ELC.RNEW.ZS,0,0,0,..,..
South Africa,ZAF,"Population, total",SP.POP.TOTL,52506515.0772335,53311955.6100823,54146734.739162,55011976.6820294,55908865
South Africa,ZAF,GDP per capita (current US$),NY.GDP.PCAP.CD,7548.16369793332,6876.95382070073,6479.625658634,5769.77257965127,5273.59387968462
South Africa,ZAF,Renewable electricity output (% of total electricity output),EG.ELC.RNEW.ZS,0.617465566683535,0.686040633195362,1.39014153949758,..,..
South Asia,SAS,"Population, total",SP.POP.TOTL,1676614288,1699306053,1721840539,1744190704,1766383450
South Asia,SAS,GDP per capita (current US$),NY.GDP.PCAP.CD,1370.34600375428,1386.54242194257,1496.71376572078,1550.86324998725,1639.71225900516
South Asia,SAS,Renewable electricity output (% of total electricity output),EG.ELC.RNEW.ZS,17.1947641540738,18.4401991144879,16.8021086404807,..,..
South Asia (IDA & IBRD),TSA,"Population, total",SP.POP.TOTL,1676614288,1699306053,1721840539,1744190704,1766383450
South Asia (IDA & IBRD),TSA,GDP per capita (current US$),NY.GDP.PCAP.CD,1370.34600375428,1386.54242194257,1496.71376572078,1550.86324998725,1639.71225900516
South Asia (IDA & IBRD),TSA,Renewable electricity output (% of total electricity output),EG.ELC.RNEW.ZS,17.1947641540738,18.4401991144879,16.8021086404807,..,..
South Sudan,SSD,"Population, total",SP.POP.TOTL,10818258,11177490,11530971,11882136,12230730
South Sudan,SSD,GDP per capita (current US$),NY.GDP.PCAP.CD,958.455008128114,1186.10132461897,1151.86171519279,758.720578206203,..
South Sudan,SSD,Renewable electricity output (% of total electricity output),EG.ELC.RNEW.ZS,0.449438202247191,0.423728813559322,0.409836065573771,..,..
Spain,ESP,"Population, total",SP.POP.TOTL,46773055,46620045,46480882,46447697,46443959
Spain,ESP,GDP per capita (current US$),NY.GDP.PCAP.CD,28562.2932404629,29210.0934234591,29600.4722482852,25683.8456530241,26528.4917900799
Spain,ESP,Renewable electricity output (% of total electricity output),EG.ELC.RNEW.ZS,29.5847480115125,39.5835776084137,40.1052558838185,..,..
Sri Lanka,LKA,"Population, total",SP.POP.TOTL,20425000,20585000,20771000,20966000,21203000
Sri Lanka,LKA,GDP per capita (current US$),NY.GDP.PCAP.CD,3350.52137495275,3610.28937355,3820.54099418849,3844.89122995401,3835.39481711341
Sri Lanka,LKA,Renewable electricity output (% of total electricity output),EG.ELC.RNEW.ZS,29.2412402319133,59.8769026033436,39.2023112109783,..,..
St. Kitts and Nevis,KNA,"Population, total",SP.POP.TOTL,52591,53169,53739,54288,54821
St. Kitts and Nevis,KNA,GDP per capita (current US$),NY.GDP.PCAP.CD,13965.558111971,14823.7485920158,15775.8459440106,16144.9778137997,16725.2796474992
St. Kitts and Nevis,KNA,Renewable electricity output (% of total electricity output),EG.ELC.RNEW.ZS,3.58126721763085,4.09090909090909,4.09090909090909,..,..
St. Lucia,LCA,"Population, total",SP.POP.TOTL,174835,175660,176421,177206,178015
St. Lucia,LCA,GDP per capita (current US$),NY.GDP.PCAP.CD,7428.80663143768,7503.42812925643,7857.27679601425,8076.11313219475,7744.44517263943
St. Lucia,LCA,Renewable electricity output (% of total electricity output),EG.ELC.RNEW.ZS,0,0,0,..,..
St. Martin (French part),MAF,"Population, total",SP.POP.TOTL,30959,31264,31530,31754,31949
St. Martin (French part),MAF,GDP per capita (current US$),NY.GDP.PCAP.CD,..,..,..,..,..
St. Martin (French part),MAF,Renewable electricity output (% of total electricity output),EG.ELC.RNEW.ZS,..,..,..,..,..
St. Vincent and the Grenadines,VCT,"Population, total",SP.POP.TOTL,109328,109320,109357,109455,109643
St. Vincent and the Grenadines,VCT,GDP per capita (current US$),NY.GDP.PCAP.CD,6338.11778081316,6597.21138079169,6656.29831482955,6739.60582481893,7030.05714505765
St. Vincent and the Grenadines,VCT,Renewable electricity output (% of total electricity output),EG.ELC.RNEW.ZS,21.5033039647577,22,21.9971738106453,..,..
Sub-Saharan Africa,SSF,"Population, total",SP.POP.TOTL,926548177.077234,952278631.610082,978625081.739162,1005570800.68203,1033106135
Sub-Saharan Africa,SSF,GDP per capita (current US$),NY.GDP.PCAP.CD,1735.38586456228,1777.80748484129,1813.83433983977,1592.24442659636,1449.99735756316
Sub-Saharan Africa,SSF,Renewable electricity output (% of total electricity output),EG.ELC.RNEW.ZS,23.8518378884014,24.3972552656354,26.3697894679121,..,..
Sub-Saharan Africa (excluding high income),SSA,"Population, total",SP.POP.TOTL,926459874.077234,952188682.610082,978533722.739162,1005477381.68203,1033011458
Sub-Saharan Africa (excluding high income),SSA,GDP per capita (current US$),NY.GDP.PCAP.CD,1734.32710954694,1776.4930637366,1812.54945783542,1590.96212618176,1448.74781866277
Sub-Saharan Africa (excluding high income),SSA,Renewable electricity output (% of total electricity output),EG.ELC.RNEW.ZS,23.8710269642237,24.4158669004956,26.3898849952635,..,..
Sub-Saharan Africa (IDA & IBRD countries),TSS,"Population, total",SP.POP.TOTL,926548177.077234,952278631.610082,978625081.739162,1005570800.68203,1033106135
Sub-Saharan Africa (IDA & IBRD countries),TSS,GDP per capita (current US$),NY.GDP.PCAP.CD,1735.38586456228,1777.80748484129,1813.83433983977,1592.24442659636,1449.99735756316
Sub-Saharan Africa (IDA & IBRD countries),TSS,Renewable electricity output (% of total electricity output),EG.ELC.RNEW.ZS,23.8518378884014,24.3972552656354,26.3697894679121,..,..
Sudan,SDN,"Population, total",SP.POP.TOTL,35990192,36849918,37737913,38647803,39578828
Sudan,SDN,GDP per capita (current US$),NY.GDP.PCAP.CD,1892.89435161374,1955.66079918474,2176.89802874983,2513.88466117983,2415.03816212562
Sudan,SDN,Renewable electricity output (% of total electricity output),EG.ELC.RNEW.ZS,70.1462484103434,80.853753403345,78.3491561181435,..,..
Suriname,SUR,"Population, total",SP.POP.TOTL,537077,542540,547928,553208,558368
Suriname,SUR,GDP per capita (current US$),NY.GDP.PCAP.CD,9272.41345281961,9484.56809775791,9564.40638296649,8818.98256581516,6484.43273109527
Suriname,SUR,Renewable electricity output (% of total electricity output),EG.ELC.RNEW.ZS,63.2352941176471,59.9358974358974,62.3394495412844,..,..
Swaziland,SWZ,"Population, total",SP.POP.TOTL,1248158,1271456,1295097,1319011,1343098
Swaziland,SWZ,GDP per capita (current US$),NY.GDP.PCAP.CD,3851.50154710125,3598.70597235706,3464.0351690292,3136.92511032337,2775.15390848176
Swaziland,SWZ,Renewable electricity output (% of total electricity output),EG.ELC.RNEW.ZS,43.792216146671,40.6578501186843,53.2627865961199,..,..
Sweden,SWE,"Population, total",SP.POP.TOTL,9519374,9600379,9696110,9799186,9903122
Sweden,SWE,GDP per capita (current US$),NY.GDP.PCAP.CD,57134.0770682404,60283.24522267,59180.1989776727,50585.2584706067,51599.868867777
Sweden,SWE,Renewable electricity output (% of total electricity output),EG.ELC.RNEW.ZS,59.0677497656757,54.0334964811051,55.8376857652682,..,..
Switzerland,CHE,"Population, total",SP.POP.TOTL,7996861,8089346,8188649,8282396,8372098
Switzerland,CHE,GDP per capita (current US$),NY.GDP.PCAP.CD,83164.3879543217,84658.8876757562,85814.5885735953,80989.8402358305,78812.6506872985
Switzerland,CHE,Renewable electricity output (% of total electricity output),EG.ELC.RNEW.ZS,59.4746110948048,59.1938300349243,58.0154631822202,..,..
Syrian Arab Republic,SYR,"Population, total",SP.POP.TOTL,20420701,19809141,19203090,18734987,18430453
Syrian Arab Republic,SYR,GDP per capita (current US$),NY.GDP.PCAP.CD,..,..,..,..,..
Syrian Arab Republic,SYR,Renewable electricity output (% of total electricity output),EG.ELC.RNEW.ZS,9.746477176924,12.0322464204067,13.8083402375035,..,..
Tajikistan,TJK,"Population, total",SP.POP.TOTL,7995062,8177809,8362745,8548651,8734951
Tajikistan,TJK,GDP per capita (current US$),NY.GDP.PCAP.CD,954.720525255865,1040.21441228998,1104.45901890381,918.677154325296,795.843864367519
Tajikistan,TJK,Renewable electricity output (% of total electricity output),EG.ELC.RNEW.ZS,99.5640391186521,99.7429155711364,97.1345313258864,..,..
Tanzania,TZA,"Population, total",SP.POP.TOTL,49082997,50636595,52234869,53879957,55572201
Tanzania,TZA,GDP per capita (current US$),NY.GDP.PCAP.CD,820.156289803745,901.731430290916,950.374313843269,872.294093320544,879.193814026315
Tanzania,TZA,Renewable electricity output (% of total electricity output),EG.ELC.RNEW.ZS,32.1882268742172,29.5068170341693,42.2897571956906,..,..
Thailand,THA,"Population, total",SP.POP.TOTL,67843979,68143065,68416772,68657600,68863514
Thailand,THA,GDP per capita (current US$),NY.GDP.PCAP.CD,5859.9156220989,6171.26244433996,5941.84070966336,5814.86313441588,5907.91343151532
Thailand,THA,Renewable electricity output (% of total electricity output),EG.ELC.RNEW.ZS,8.39087073264288,8.27793001871879,9.0830554451682,..,..
Timor-Leste,TLS,"Population, total",SP.POP.TOTL,1156760,1184366,1212814,1240977,1268671
Timor-Leste,TLS,GDP per capita (current US$),NY.GDP.PCAP.CD,1117.7772398769,1107.76567378665,1153.51570809704,1161.76093513417,..
Timor-Leste,TLS,Renewable electricity output (% of total electricity output),EG.ELC.RNEW.ZS,0,0,0,..,..
Togo,TGO,"Population, total",SP.POP.TOTL,6859482,7042948,7228915,7416802,7606374
Togo,TGO,GDP per capita (current US$),NY.GDP.PCAP.CD,563.689424743521,579.43480503892,620.131848879102,551.130834550516,578.461693648613
Togo,TGO,Renewable electricity output (% of total electricity output),EG.ELC.RNEW.ZS,84.6846846846847,81.7204301075269,88.0281690140845,..,..
Tonga,TON,"Population, total",SP.POP.TOTL,104951,105328,105782,106364,107122
Tonga,TON,GDP per capita (current US$),NY.GDP.PCAP.CD,4501.54246241052,4266.55717394961,4192.34975784769,4093.77538663356,3688.87463594593
Tonga,TON,Renewable electricity output (% of total electricity output),EG.ELC.RNEW.ZS,0,3.84521598859565,4.57836183354411,..,..
Trinidad and Tobago,TTO,"Population, total",SP.POP.TOTL,1341588,1348248,1354493,1360092,1364962
Trinidad and Tobago,TTO,GDP per capita (current US$),NY.GDP.PCAP.CD,19152.0530067631,19607.8328329043,19325.2428277344,17321.8337317826,15377.0988055665
Trinidad and Tobago,TTO,Renewable electricity output (% of total electricity output),EG.ELC.RNEW.ZS,0,0,0,..,..
Tunisia,TUN,"Population, total",SP.POP.TOTL,10886668,11014558,11143908,11273661,11403248
Tunisia,TUN,GDP per capita (current US$),NY.GDP.PCAP.CD,4137.55402148336,4199.47025312957,4271.6817023764,3828.09158901884,3688.64637468078
Tunisia,TUN,Renewable electricity output (% of total electricity output),EG.ELC.RNEW.ZS,1.72194230662754,2.33393177737881,3.09083263246426,..,..
Turkey,TUR,"Population, total",SP.POP.TOTL,74569867,75787333,77030628,78271472,79512426
Turkey,TUR,GDP per capita (current US$),NY.GDP.PCAP.CD,11720.3084269453,12542.9356514213,12127.2252150798,10979.5256914159,10787.609339044
Turkey,TUR,Renewable electricity output (% of total electricity output),EG.ELC.RNEW.ZS,27.2305174199152,28.8231717980962,20.8871937546386,..,..
Turkmenistan,TKM,"Population, total",SP.POP.TOTL,5267839,5366277,5466241,5565284,5662544
Turkmenistan,TKM,GDP per capita (current US$),NY.GDP.PCAP.CD,6675.26295437575,7304.42052462986,7962.36582439665,6432.66876792426,6389.33414279619
Turkmenistan,TKM,Renewable electricity output (% of total electricity output),EG.ELC.RNEW.ZS,0,0,0,..,..
Turks and Caicos Islands,TCA,"Population, total",SP.POP.TOTL,32431,33108,33739,34339,34900
Turks and Caicos Islands,TCA,GDP per capita (current US$),NY.GDP.PCAP.CD,..,..,..,..,..
Turks and Caicos Islands,TCA,Renewable electricity output (% of total electricity output),EG.ELC.RNEW.ZS,0,0,0,..,..
Tuvalu,TUV,"Population, total",SP.POP.TOTL,10725,10819,10908,11001,11097
Tuvalu,TUV,GDP per capita (current US$),NY.GDP.PCAP.CD,3718.01871077083,3542.13508909017,3415.81315754314,2970.02797384009,3083.61525088619
Tuvalu,TUV,Renewable electricity output (% of total electricity output),EG.ELC.RNEW.ZS,0,0,0,..,..
Uganda,UGA,"Population, total",SP.POP.TOTL,36306796,37553726,38833338,40144870,41487965
Uganda,UGA,GDP per capita (current US$),NY.GDP.PCAP.CD,647.704741018769,662.492290296668,719.172669004317,693.896382856584,615.308803182525
Uganda,UGA,Renewable electricity output (% of total electricity output),EG.ELC.RNEW.ZS,65.3407584195174,68.0205529728407,78.6014672928753,..,..
Ukraine,UKR,"Population, total",SP.POP.TOTL,45593300,45489600,45271947,45154029,45004645
Ukraine,UKR,GDP per capita (current US$),NY.GDP.PCAP.CD,3855.4212801318,4029.71550372131,3104.65829575449,2124.66266591114,2185.72803066435
Ukraine,UKR,Renewable electricity output (% of total electricity output),EG.ELC.RNEW.ZS,5.66335455704945,7.80099738779387,5.5854746884136,..,..
United Arab Emirates,ARE,"Population, total",SP.POP.TOTL,8900453,9006263,9070867,9154302,9269612
United Arab Emirates,ARE,GDP per capita (current US$),NY.GDP.PCAP.CD,42112.2356483963,43350.6426817411,44449.7403487138,39101.7468901055,37622.2074575932
United Arab Emirates,ARE,Renewable electricity output (% of total electricity output),EG.ELC.RNEW.ZS,0,0.0941424563649715,0.273688613280717,..,..
United Kingdom,GBR,"Population, total",SP.POP.TOTL,63700300,64128226,64613160,65128861,65637239
United Kingdom,GBR,GDP per capita (current US$),NY.GDP.PCAP.CD,41538.3072616553,42407.3710146402,46412.1172713997,43929.6908131028,39899.3883948894
United Kingdom,GBR,Renewable electricity output (% of total electricity output),EG.ELC.RNEW.ZS,11.5779665905007,15.1267037926931,19.4392367620714,..,..
United States,USA,"Population, total",SP.POP.TOTL,313998379,316204908,318563456,320896618,323127513
United States,USA,GDP per capita (current US$),NY.GDP.PCAP.CD,51450.1222950581,52787.0269489935,54598.5506887519,56207.0367472679,57466.7871132348
United States,USA,Renewable electricity output (% of total electricity output),EG.ELC.RNEW.ZS,12.0073970634651,12.6379191222813,12.9538270902926,..,..
Upper middle income,UMC,"Population, total",SP.POP.TOTL,2501989805.07723,2521454986.61008,2541065424.73916,2560411825.68203,2579909675
Upper middle income,UMC,GDP per capita (current US$),NY.GDP.PCAP.CD,8050.14590242058,8516.52738124694,8696.988522832,8076.64871972574,7937.28820925585
Upper middle income,UMC,Renewable electricity output (% of total electricity output),EG.ELC.RNEW.ZS,23.5631102825977,23.7078908102566,24.6679006112697,..,..
Uruguay,URY,"Population, total",SP.POP.TOTL,3396777,3408005,3419546,3431552,3444006
Uruguay,URY,GDP per capita (current US$),NY.GDP.PCAP.CD,15092.0681932945,16881.2056763151,16737.8982699805,15524.842466271,15220.5660250684
Uruguay,URY,Renewable electricity output (% of total electricity output),EG.ELC.RNEW.ZS,61.7438897801265,80.878065511919,90.9153792944432,..,..
Uzbekistan,UZB,"Population, total",SP.POP.TOTL,29774500,30243200,30757700,31298900,31848200
Uzbekistan,UZB,GDP per capita (current US$),NY.GDP.PCAP.CD,1740.4682979775,1907.55123335561,2050.44841384558,2137.57685230278,2110.64787239513
Uzbekistan,UZB,Renewable electricity output (% of total electricity output),EG.ELC.RNEW.ZS,21.352380952381,21.3284132841328,21.3537906137184,..,..
Vanuatu,VUT,"Population, total",SP.POP.TOTL,247485,253142,258850,264603,270402
Vanuatu,VUT,GDP per capita (current US$),NY.GDP.PCAP.CD,3158.58688044147,3167.34305591771,3148.3651032298,2805.83414035745,2860.56647483229
Vanuatu,VUT,Renewable electricity output (% of total electricity output),EG.ELC.RNEW.ZS,15.3674832962138,15.0664697193501,15.3153153153153,..,..
"Venezuela, RB",VEN,"Population, total",SP.POP.TOTL,29893080,30317848,30738378,31155134,31568179
"Venezuela, RB",VEN,GDP per capita (current US$),NY.GDP.PCAP.CD,12755.0000818807,12237.2240641963,..,..,..
"Venezuela, RB",VEN,Renewable electricity output (% of total electricity output),EG.ELC.RNEW.ZS,67.411407856773,67.8345241961676,68.2632386559359,..,..
Vietnam,VNM,"Population, total",SP.POP.TOTL,88809200,89759500,90728900,91713300,92701100
Vietnam,VNM,GDP per capita (current US$),NY.GDP.PCAP.CD,1754.5479738641,1907.56438167972,2052.31908380089,2107.01292734572,2185.69028246406
Vietnam,VNM,Renewable electricity output (% of total electricity output),EG.ELC.RNEW.ZS,45.0192189944894,41.6620020151295,41.6498122955299,..,..
Virgin Islands (U.S.),VIR,"Population, total",SP.POP.TOTL,105275,104737,104170,103574,102951
Virgin Islands (U.S.),VIR,GDP per capita (current US$),NY.GDP.PCAP.CD,38898.1239610544,35937.634264873,34789.2867428242,36350.8216347732,..
Virgin Islands (U.S.),VIR,Renewable electricity output (% of total electricity output),EG.ELC.RNEW.ZS,0.0752700614189953,0.0800675638621083,0.765605375940336,..,..
West Bank and Gaza,PSE,"Population, total",SP.POP.TOTL,4046901,4169506,4294682,4422143,4551566
West Bank and Gaza,PSE,GDP per capita (current US$),NY.GDP.PCAP.CD,2787.16973802917,2992.20099455427,2960.77800405245,2865.80510851865,2943.4045337363
West Bank and Gaza,PSE,Renewable electricity output (% of total electricity output),EG.ELC.RNEW.ZS,0,0,0,..,..
World,WLD,"Population, total",SP.POP.TOTL,7097400665.07723,7182860114.61008,7268986175.73916,7355220411.68203,7442135578
World,WLD,GDP per capita (current US$),NY.GDP.PCAP.CD,10539.3919774733,10709.4734294198,10850.2227280248,10130.1817166557,10150.7882814935
World,WLD,Renewable electricity output (% of total electricity output),EG.ELC.RNEW.ZS,20.8908567664757,21.6689403244408,22.3490270250265,..,..
"Yemen, Rep.",YEM,"Population, total",SP.POP.TOTL,24909969,25576322,26246327,26916207,27584213
"Yemen, Rep.",YEM,GDP per capita (current US$),NY.GDP.PCAP.CD,1421.17157469387,1580.18160062955,1647.03365674887,1401.90331929928,990.334773954632
"Yemen, Rep.",YEM,Renewable electricity output (% of total electricity output),EG.ELC.RNEW.ZS,0,0,0,..,..
Zambia,ZMB,"Population, total",SP.POP.TOTL,14699937,15153210,15620974,16100587,16591390
Zambia,ZMB,GDP per capita (current US$),NY.GDP.PCAP.CD,1734.93061223334,1850.79335943919,1738.08820161939,1313.88964550765,1178.38790501204
Zambia,ZMB,Renewable electricity output (% of total electricity output),EG.ELC.RNEW.ZS,99.8544631306598,99.8571428571429,97.1630224190423,..,..
Zimbabwe,ZWE,"Population, total",SP.POP.TOTL,14710826,15054506,15411675,15777451,16150362
Zimbabwe,ZWE,GDP per capita (current US$),NY.GDP.PCAP.CD,955.648465966493,1011.22739597035,1027.40746219992,1018.69308293209,1008.59733051185
Zimbabwe,ZWE,Renewable electricity output (% of total electricity output),EG.ELC.RNEW.ZS,60.393349994567,53.9393939393939,55.6220692407463,..,..
,,,,,,,,
,,,,,,,,
,,,,,,,,
Data from database: World Development Indicators,,,,,,,,
Last Updated: 10/12/2017,,,,,,,,
